season,transaction_id,week,type,status,created_ms,created_date,roster_id,manager,action,player_id,player_name,position,faab_bid
2024,1139340746290737152,1,waiver,failed,1726002511144,2024-09-10,7,KingTowsk,add,8131,Isaiah Likely,TE,28
2024,1139340746290737152,1,waiver,failed,1726002511144,2024-09-10,7,KingTowsk,drop,5133,Tyler Conklin,TE,
2024,1139340423161319424,1,waiver,complete,1726002434104,2024-09-10,7,KingTowsk,add,11584,Bucky Irving,RB,3
2024,1139340423161319424,1,waiver,complete,1726002434104,2024-09-10,7,KingTowsk,drop,11626,Xavier Legette,WR,
2024,1139288069749911552,1,waiver,complete,1725989952078,2024-09-10,5,kaufmannc,add,9753,Zach Charbonnet,RB,9
2024,1139288069749911552,1,waiver,complete,1725989952078,2024-09-10,5,kaufmannc,drop,8139,Zamir White,RB,
2024,1139263379014651904,1,waiver,failed,1725984065348,2024-09-10,6,JSanDusky69,add,LAC,Los Angeles Chargers,DEF,2
2024,1139263379014651904,1,waiver,failed,1725984065348,2024-09-10,6,JSanDusky69,drop,9228,Bryce Young,QB,
2024,1139230283620003840,1,waiver,complete,1725976174791,2024-09-10,2,Erjohnson14,add,PIT,Pittsburgh Steelers,DEF,6
2024,1139230283620003840,1,waiver,complete,1725976174791,2024-09-10,2,Erjohnson14,drop,CHI,Chicago Bears,DEF,
2024,1139228665629302784,1,waiver,failed,1725975789032,2024-09-10,2,Erjohnson14,add,6865,Colby Parkinson,TE,5
2024,1139228665629302784,1,waiver,failed,1725975789032,2024-09-10,2,Erjohnson14,drop,4033,David Njoku,TE,
2024,1139213192426545152,1,waiver,complete,1725972099933,2024-09-10,1,bgreenblatt,add,10937,Jake Moody,K,0
2024,1139213192426545152,1,waiver,complete,1725972099933,2024-09-10,1,bgreenblatt,drop,7042,Tyler Bass,K,
2024,1138917009384652800,1,free_agent,complete,1725901484393,2024-09-09,7,KingTowsk,add,5133,Tyler Conklin,TE,
2024,1138917009384652800,1,free_agent,complete,1725901484393,2024-09-09,7,KingTowsk,drop,11564,Drake Maye,QB,
2024,1138685223724785664,1,waiver,complete,1725846222385,2024-09-08,2,Erjohnson14,add,8131,Isaiah Likely,TE,31
2024,1138685223724785664,1,waiver,complete,1725846222385,2024-09-08,2,Erjohnson14,drop,4033,David Njoku,TE,
2024,1134559924325027840,1,waiver,complete,1724862674364,2024-08-28,5,kaufmannc,add,NO,New Orleans Saints,DEF,0
2024,1134559924325027840,1,waiver,complete,1724862674364,2024-08-28,5,kaufmannc,drop,PIT,Pittsburgh Steelers,DEF,
2024,1134296835033542656,1,waiver,complete,1724799948989,2024-08-27,3,MaxSirianni,add,8408,Jordan Mason,RB,5
2024,1133859168860893184,1,free_agent,complete,1724695601242,2024-08-26,9,brockhusk,add,3451,Ka'imi Fairbairn,K,
2024,1133859168860893184,1,free_agent,complete,1724695601242,2024-08-26,9,brockhusk,drop,7594,Chuba Hubbard,RB,
2024,1133857807305928704,1,free_agent,complete,1724695276622,2024-08-26,10,cc5597,drop,5022,Dallas Goedert,TE,
2024,1133831202500112384,1,free_agent,complete,1724688933542,2024-08-26,1,bgreenblatt,add,7042,Tyler Bass,K,
2024,1133831202500112384,1,free_agent,complete,1724688933542,2024-08-26,1,bgreenblatt,drop,10937,Jake Moody,K,
2024,1133281608380903424,1,waiver,complete,1724557900093,2024-08-24,2,Erjohnson14,add,CHI,Chicago Bears,DEF,0
2024,1133273899552247808,1,waiver,complete,1724556062166,2024-08-24,1,bgreenblatt,add,SEA,Seattle Seahawks,DEF,0
2024,1133273637286473728,1,waiver,complete,1724555999636,2024-08-24,7,KingTowsk,add,2747,Jason Myers,K,0
2024,1121607261626896384,1,free_agent,complete,1721774518928,2024-07-23,1,bgreenblatt,drop,2505,Darren Waller,TE,
2024,1121607222322073600,1,free_agent,complete,1721774509557,2024-07-23,1,bgreenblatt,drop,559,Tim Tebow,TE,
2024,1121607169855524864,1,free_agent,complete,1721774497048,2024-07-23,1,bgreenblatt,drop,9231,Jaren Hall,QB,
2024,1120820060567752704,1,trade,complete,1721586835570,2024-07-21,7,KingTowsk,add,9997,Zay Flowers,WR,
2024,1120820060567752704,1,trade,complete,1721586835570,2024-07-21,3,MaxSirianni,drop,9997,Zay Flowers,WR,
2024,1117664976229081088,1,trade,complete,1720834604845,2024-07-12,2,Erjohnson14,add,9756,Jordan Addison,WR,
2024,1117664976229081088,1,trade,complete,1720834604845,2024-07-12,10,cc5597,drop,9756,Jordan Addison,WR,
2024,1141959223480397824,2,waiver,failed,1726626804755,2024-09-17,9,brockhusk,add,7049,Jauan Jennings,WR,6
2024,1141959170241994752,2,waiver,failed,1726626792062,2024-09-17,9,brockhusk,add,11582,Carson Steele,RB,15
2024,1141959170241994752,2,waiver,failed,1726626792062,2024-09-17,9,brockhusk,drop,8167,Christian Watson,WR,
2024,1141945521817538560,2,waiver,failed,1726623538024,2024-09-17,10,cc5597,add,4943,Sam Darnold,QB,16
2024,1141945521817538560,2,waiver,failed,1726623538024,2024-09-17,10,cc5597,drop,9999,Will Levis,QB,
2024,1141945402204360704,2,waiver,failed,1726623509506,2024-09-17,10,cc5597,add,2028,Derek Carr,QB,26
2024,1141945402204360704,2,waiver,failed,1726623509506,2024-09-17,10,cc5597,drop,9999,Will Levis,QB,
2024,1141866560605507584,2,waiver,complete,1726604712204,2024-09-17,9,brockhusk,add,9754,Quentin Johnston,WR,26
2024,1141858078544072704,2,waiver,complete,1726602689923,2024-09-17,6,JSanDusky69,add,11638,Ricky Pearsall,WR,0
2024,1141844437270761472,2,waiver,complete,1726599437590,2024-09-17,7,KingTowsk,add,5095,Daniel Carlson,K,0
2024,1141844437270761472,2,waiver,complete,1726599437590,2024-09-17,7,KingTowsk,drop,11058,Blake Grupe,K,
2024,1141844390605021184,2,waiver,failed,1726599426464,2024-09-17,7,KingTowsk,add,6650,Chase McLaughlin,K,0
2024,1141844390605021184,2,waiver,failed,1726599426464,2024-09-17,7,KingTowsk,drop,11058,Blake Grupe,K,
2024,1141794904755212288,2,waiver,complete,1726587628118,2024-09-17,4,jdrobny,add,8676,Rashid Shaheed,WR,21
2024,1141794904755212288,2,waiver,complete,1726587628118,2024-09-17,4,jdrobny,drop,6826,Cole Kmet,TE,
2024,1141751013758717952,2,waiver,failed,1726577163689,2024-09-17,4,jdrobny,add,2028,Derek Carr,QB,46
2024,1141751013758717952,2,waiver,failed,1726577163689,2024-09-17,4,jdrobny,drop,1689,Adam Thielen,WR,
2024,1141750910931247104,2,waiver,complete,1726577139173,2024-09-17,4,jdrobny,add,4943,Sam Darnold,QB,36
2024,1141750910931247104,2,waiver,complete,1726577139173,2024-09-17,4,jdrobny,drop,1689,Adam Thielen,WR,
2024,1141495331725774848,2,waiver,failed,1726516204342,2024-09-16,5,kaufmannc,add,9754,Quentin Johnston,WR,9
2024,1141495331725774848,2,waiver,failed,1726516204342,2024-09-16,5,kaufmannc,drop,4082,Curtis Samuel,WR,
2024,1141489157651644416,2,waiver,failed,1726514732328,2024-09-16,6,JSanDusky69,add,4943,Sam Darnold,QB,5
2024,1141489108070748160,2,waiver,failed,1726514720507,2024-09-16,6,JSanDusky69,add,2028,Derek Carr,QB,8
2024,1141488962364624896,2,free_agent,complete,1726514685768,2024-09-16,6,JSanDusky69,drop,9228,Bryce Young,QB,
2024,1141477984747114496,2,waiver,failed,1726512068501,2024-09-16,5,kaufmannc,add,TB,Tampa Bay Buccaneers,DEF,4
2024,1141477984747114496,2,waiver,failed,1726512068501,2024-09-16,5,kaufmannc,drop,JAX,Jacksonville Jaguars,DEF,
2024,1141411356789518336,2,waiver,complete,1726496183157,2024-09-16,1,bgreenblatt,add,CIN,Cincinnati Bengals,DEF,7
2024,1141411356789518336,2,waiver,complete,1726496183157,2024-09-16,1,bgreenblatt,drop,SEA,Seattle Seahawks,DEF,
2024,1141102961257111552,2,waiver,complete,1726422655932,2024-09-15,1,bgreenblatt,add,2028,Derek Carr,QB,48
2024,1141102961257111552,2,waiver,complete,1726422655932,2024-09-15,1,bgreenblatt,drop,7670,Joshua Palmer,WR,
2024,1141079011280560128,2,free_agent,complete,1726416945813,2024-09-15,8,TylerWicks,add,6865,Colby Parkinson,TE,
2024,1141069969804320768,2,waiver,complete,1726414790157,2024-09-15,7,KingTowsk,add,11058,Blake Grupe,K,0
2024,1141069969804320768,2,waiver,complete,1726414790157,2024-09-15,7,KingTowsk,drop,1945,Chris Boswell,K,
2024,1140378694926700544,2,waiver,complete,1726249977383,2024-09-13,7,KingTowsk,add,4033,David Njoku,TE,0
2024,1140378694926700544,2,waiver,complete,1726249977383,2024-09-13,7,KingTowsk,drop,5848,Marquise Brown,WR,
2024,1139843816934141952,2,waiver,complete,1726122452532,2024-09-12,10,cc5597,add,8139,Zamir White,RB,6
2024,1139621647612403712,2,waiver,failed,1726069483238,2024-09-11,7,KingTowsk,add,5001,Dalton Schultz,TE,0
2024,1139621647612403712,2,waiver,failed,1726069483238,2024-09-11,7,KingTowsk,drop,5133,Tyler Conklin,TE,
2024,1139621446248009728,2,waiver,complete,1726069435229,2024-09-11,7,KingTowsk,add,5022,Dallas Goedert,TE,6
2024,1139621446248009728,2,waiver,complete,1726069435229,2024-09-11,7,KingTowsk,drop,5133,Tyler Conklin,TE,
2024,1139610612306268160,2,waiver,failed,1726066852216,2024-09-11,7,KingTowsk,add,WAS,Washington Commanders,DEF,0
2024,1139610612306268160,2,waiver,failed,1726066852216,2024-09-11,7,KingTowsk,drop,CIN,Cincinnati Bengals,DEF,
2024,1139610583474708480,2,waiver,failed,1726066845342,2024-09-11,7,KingTowsk,add,HOU,Houston Texans,DEF,0
2024,1139610583474708480,2,waiver,failed,1726066845342,2024-09-11,7,KingTowsk,drop,CIN,Cincinnati Bengals,DEF,
2024,1139610539371442176,2,waiver,failed,1726066834827,2024-09-11,7,KingTowsk,add,IND,Indianapolis Colts,DEF,0
2024,1139610539371442176,2,waiver,failed,1726066834827,2024-09-11,7,KingTowsk,drop,CIN,Cincinnati Bengals,DEF,
2024,1139610501136314368,2,waiver,failed,1726066825711,2024-09-11,7,KingTowsk,add,JAX,Jacksonville Jaguars,DEF,0
2024,1139610501136314368,2,waiver,failed,1726066825711,2024-09-11,7,KingTowsk,drop,CIN,Cincinnati Bengals,DEF,
2024,1139610438565552128,2,waiver,complete,1726066810793,2024-09-11,7,KingTowsk,add,LAC,Los Angeles Chargers,DEF,6
2024,1139610438565552128,2,waiver,complete,1726066810793,2024-09-11,7,KingTowsk,drop,CIN,Cincinnati Bengals,DEF,
2024,1139610401504645120,2,waiver,complete,1726066801957,2024-09-11,7,KingTowsk,add,1945,Chris Boswell,K,0
2024,1139610401504645120,2,waiver,complete,1726066801957,2024-09-11,7,KingTowsk,drop,2747,Jason Myers,K,
2024,1139610343623368704,2,waiver,failed,1726066788157,2024-09-11,7,KingTowsk,add,1266,Greg Zuerlein,K,0
2024,1139610343623368704,2,waiver,failed,1726066788157,2024-09-11,7,KingTowsk,drop,2747,Jason Myers,K,
2024,1139559902692642816,2,waiver,failed,1726054762102,2024-09-11,4,jdrobny,add,8131,Isaiah Likely,TE,26
2024,1139559902692642816,2,waiver,failed,1726054762102,2024-09-11,4,jdrobny,drop,6826,Cole Kmet,TE,
2024,1139511892558368768,2,waiver,complete,1726043315594,2024-09-11,5,kaufmannc,add,JAX,Jacksonville Jaguars,DEF,2
2024,1139511892558368768,2,waiver,complete,1726043315594,2024-09-11,5,kaufmannc,drop,NO,New Orleans Saints,DEF,
2024,1139511777659748352,2,waiver,failed,1726043288200,2024-09-11,5,kaufmannc,add,LAC,Los Angeles Chargers,DEF,3
2024,1139511777659748352,2,waiver,failed,1726043288200,2024-09-11,5,kaufmannc,drop,NO,New Orleans Saints,DEF,
2024,1144457386506174464,3,free_agent,complete,1727222413234,2024-09-24,2,Erjohnson14,drop,6938,Cam Akers,RB,
2024,1144452483616722944,3,trade,complete,1727221244294,2024-09-24,2,Erjohnson14,add,11584,Bucky Irving,RB,
2024,1144452483616722944,3,trade,complete,1727221244294,2024-09-24,7,KingTowsk,add,4137,James Conner,RB,
2024,1144452483616722944,3,trade,complete,1727221244294,2024-09-24,2,Erjohnson14,add,8110,Jake Ferguson,TE,
2024,1144452483616722944,3,trade,complete,1727221244294,2024-09-24,7,KingTowsk,drop,11584,Bucky Irving,RB,
2024,1144452483616722944,3,trade,complete,1727221244294,2024-09-24,2,Erjohnson14,drop,4137,James Conner,RB,
2024,1144452483616722944,3,trade,complete,1727221244294,2024-09-24,7,KingTowsk,drop,8110,Jake Ferguson,TE,
2024,1144410732982083584,3,waiver,failed,1727211290167,2024-09-24,10,cc5597,add,7049,Jauan Jennings,WR,26
2024,1144410732982083584,3,waiver,failed,1727211290167,2024-09-24,10,cc5597,drop,8139,Zamir White,RB,
2024,1144351764901318656,3,waiver,failed,1727197231081,2024-09-24,6,JSanDusky69,add,11626,Xavier Legette,WR,0
2024,1144327049981812736,3,waiver,failed,1727191338585,2024-09-24,7,KingTowsk,add,HOU,Houston Texans,DEF,0
2024,1144327049981812736,3,waiver,failed,1727191338585,2024-09-24,7,KingTowsk,drop,TEN,Tennessee Titans,DEF,
2024,1144327000631521280,3,waiver,failed,1727191326819,2024-09-24,7,KingTowsk,add,MIA,Miami Dolphins,DEF,0
2024,1144327000631521280,3,waiver,failed,1727191326819,2024-09-24,7,KingTowsk,drop,TEN,Tennessee Titans,DEF,
2024,1144326957006651392,3,waiver,complete,1727191316418,2024-09-24,7,KingTowsk,add,KC,Kansas City Chiefs,DEF,6
2024,1144326957006651392,3,waiver,complete,1727191316418,2024-09-24,7,KingTowsk,drop,TEN,Tennessee Titans,DEF,
2024,1144302872360849408,3,waiver,complete,1727185574191,2024-09-24,6,JSanDusky69,add,7594,Chuba Hubbard,RB,23
2024,1144302303692840960,3,free_agent,complete,1727185438610,2024-09-24,10,cc5597,drop,3164,Ezekiel Elliott,RB,
2024,1144299693376184320,3,waiver,failed,1727184816262,2024-09-24,6,JSanDusky69,add,7021,Rico Dowdle,RB,21
2024,1144299010916737024,3,free_agent,complete,1727184653551,2024-09-24,6,JSanDusky69,drop,11638,Ricky Pearsall,WR,
2024,1144027951789486080,3,waiver,complete,1727120028019,2024-09-23,6,JSanDusky69,add,829,Andy Dalton,QB,41
2024,1144027951789486080,3,waiver,complete,1727120028019,2024-09-23,6,JSanDusky69,drop,5248,Gus Edwards,RB,
2024,1143965281359048704,3,waiver,complete,1727105086224,2024-09-23,5,kaufmannc,add,6826,Cole Kmet,TE,9
2024,1143965281359048704,3,waiver,complete,1727105086224,2024-09-23,5,kaufmannc,drop,4082,Curtis Samuel,WR,
2024,1143676103920836608,3,waiver,failed,1727036140950,2024-09-22,4,jdrobny,add,1689,Adam Thielen,WR,0
2024,1143676103920836608,3,waiver,failed,1727036140950,2024-09-22,4,jdrobny,drop,TB,Tampa Bay Buccaneers,DEF,
2024,1143617614015635456,3,free_agent,complete,1727022195870,2024-09-22,7,KingTowsk,add,TEN,Tennessee Titans,DEF,
2024,1143617614015635456,3,free_agent,complete,1727022195870,2024-09-22,7,KingTowsk,drop,LAC,Los Angeles Chargers,DEF,
2024,1143606008218349568,3,waiver,complete,1727019428832,2024-09-22,4,jdrobny,add,TB,Tampa Bay Buccaneers,DEF,0
2024,1143606008218349568,3,waiver,complete,1727019428832,2024-09-22,4,jdrobny,drop,1689,Adam Thielen,WR,
2024,1143605306795704320,3,waiver,complete,1727019261600,2024-09-22,4,jdrobny,add,5001,Dalton Schultz,TE,0
2024,1143605290850037760,3,waiver,failed,1727019257798,2024-09-22,4,jdrobny,add,7600,Pat Freiermuth,TE,0
2024,1143360271981924352,3,waiver,complete,1726960840748,2024-09-21,8,TylerWicks,add,7600,Pat Freiermuth,TE,0
2024,1143288070352175104,3,waiver,failed,1726943626538,2024-09-21,4,jdrobny,add,9480,Brenton Strange,TE,0
2024,1143235742311804928,3,waiver,failed,1726931150561,2024-09-21,7,KingTowsk,add,6938,Cam Akers,RB,0
2024,1143235742311804928,3,waiver,failed,1726931150561,2024-09-21,7,KingTowsk,drop,11584,Bucky Irving,RB,
2024,1142948885057470464,3,waiver,complete,1726862758462,2024-09-20,6,JSanDusky69,add,CHI,Chicago Bears,DEF,0
2024,1142929893777567744,3,waiver,complete,1726858230588,2024-09-20,2,Erjohnson14,add,6938,Cam Akers,RB,5
2024,1142242280510795776,3,waiver,complete,1726694290810,2024-09-18,7,KingTowsk,add,11635,Ladd McConkey,WR,1
2024,1142242280510795776,3,waiver,complete,1726694290810,2024-09-18,7,KingTowsk,drop,4033,David Njoku,TE,
2024,1142168321459109888,3,waiver,complete,1726676657598,2024-09-18,4,jdrobny,add,1689,Adam Thielen,WR,0
2024,1142168321459109888,3,waiver,complete,1726676657598,2024-09-18,4,jdrobny,drop,1426,DeAndre Hopkins,WR,
2024,1142164551602073600,3,waiver,complete,1726675758794,2024-09-18,1,bgreenblatt,add,SEA,Seattle Seahawks,DEF,0
2024,1142164551602073600,3,waiver,complete,1726675758794,2024-09-18,1,bgreenblatt,drop,11625,Adonai Mitchell,WR,
2024,1142152119500378112,3,trade,complete,1726672794750,2024-09-18,8,TylerWicks,add,6806,J.K. Dobbins,RB,
2024,1142152119500378112,3,trade,complete,1726672794750,2024-09-18,2,Erjohnson14,add,9488,Jaxon Smith-Njigba,WR,
2024,1142152119500378112,3,trade,complete,1726672794750,2024-09-18,2,Erjohnson14,drop,6806,J.K. Dobbins,RB,
2024,1142152119500378112,3,trade,complete,1726672794750,2024-09-18,8,TylerWicks,drop,9488,Jaxon Smith-Njigba,WR,
2024,1142151066671464448,3,waiver,failed,1726672543736,2024-09-18,7,KingTowsk,add,11582,Carson Steele,RB,12
2024,1142151066671464448,3,waiver,failed,1726672543736,2024-09-18,7,KingTowsk,drop,5022,Dallas Goedert,TE,
2024,1142150296018391040,3,waiver,failed,1726672359998,2024-09-18,7,KingTowsk,add,9754,Quentin Johnston,WR,0
2024,1142150296018391040,3,waiver,failed,1726672359998,2024-09-18,7,KingTowsk,drop,11589,Trey Benson,RB,
2024,1142150253030998016,3,waiver,failed,1726672349749,2024-09-18,7,KingTowsk,add,8676,Rashid Shaheed,WR,6
2024,1142150253030998016,3,waiver,failed,1726672349749,2024-09-18,7,KingTowsk,drop,11589,Trey Benson,RB,
2024,1142150219413655552,3,waiver,complete,1726672341734,2024-09-18,7,KingTowsk,add,8134,Khalil Shakir,WR,18
2024,1142150219413655552,3,waiver,complete,1726672341734,2024-09-18,7,KingTowsk,drop,11589,Trey Benson,RB,
2024,1142140730434207744,3,waiver,complete,1726670079385,2024-09-18,8,TylerWicks,add,11582,Carson Steele,RB,30
2024,1142140730434207744,3,waiver,complete,1726670079385,2024-09-18,8,TylerWicks,drop,11635,Ladd McConkey,WR,
2024,1142134509752680448,3,waiver,failed,1726668596259,2024-09-18,3,MaxSirianni,add,4943,Sam Darnold,QB,9
2024,1142134509752680448,3,waiver,failed,1726668596259,2024-09-18,3,MaxSirianni,drop,6768,Tua Tagovailoa,QB,
2024,1142133702982492160,3,free_agent,complete,1726668403910,2024-09-18,8,TylerWicks,drop,6865,Colby Parkinson,TE,
2024,1142127623993356288,3,waiver,complete,1726666954566,2024-09-18,5,kaufmannc,add,LV,Las Vegas Raiders,DEF,5
2024,1142127623993356288,3,waiver,complete,1726666954566,2024-09-18,5,kaufmannc,drop,JAX,Jacksonville Jaguars,DEF,
2024,1142096295964946432,3,waiver,failed,1726659485382,2024-09-18,4,jdrobny,add,8134,Khalil Shakir,WR,11
2024,1142096295964946432,3,waiver,failed,1726659485382,2024-09-18,4,jdrobny,drop,8228,Jaylen Warren,RB,
2024,1147055808921001984,4,waiver,failed,1727841925414,2024-10-01,4,jdrobny,add,4098,Kareem Hunt,RB,6
2024,1147055808921001984,4,waiver,failed,1727841925414,2024-10-01,4,jdrobny,drop,LV,Las Vegas Raiders,DEF,
2024,1147047178607812608,4,waiver,failed,1727839867787,2024-10-01,2,Erjohnson14,add,7593,Trey Sermon,RB,16
2024,1147029302463033344,4,waiver,failed,1727835605782,2024-10-01,1,bgreenblatt,add,SEA,Seattle Seahawks,DEF,0
2024,1147029302463033344,4,waiver,failed,1727835605782,2024-10-01,1,bgreenblatt,drop,MIA,Miami Dolphins,DEF,
2024,1146906878849662976,4,waiver,failed,1727806417718,2024-10-01,10,cc5597,add,8126,Wan'Dale Robinson,WR,13
2024,1146906878849662976,4,waiver,failed,1727806417718,2024-10-01,10,cc5597,drop,5947,Jakobi Meyers,WR,
2024,1146829336708927488,4,waiver,complete,1727787930231,2024-10-01,2,Erjohnson14,add,4098,Kareem Hunt,RB,36
2024,1146829241796005888,4,waiver,complete,1727787907602,2024-10-01,2,Erjohnson14,add,DEN,Denver Broncos,DEF,3
2024,1146829241796005888,4,waiver,complete,1727787907602,2024-10-01,2,Erjohnson14,drop,PIT,Pittsburgh Steelers,DEF,
2024,1146812983008579584,4,waiver,complete,1727784031205,2024-10-01,5,kaufmannc,add,SEA,Seattle Seahawks,DEF,7
2024,1146812983008579584,4,waiver,complete,1727784031205,2024-10-01,5,kaufmannc,drop,CLE,Cleveland Browns,DEF,
2024,1146491043521638400,4,free_agent,complete,1727707274850,2024-09-30,2,Erjohnson14,drop,8131,Isaiah Likely,TE,
2024,1146197470121742336,4,waiver,complete,1727637281497,2024-09-29,1,bgreenblatt,add,8132,Tyler Allgeier,RB,0
2024,1146197470121742336,4,waiver,complete,1727637281497,2024-09-29,1,bgreenblatt,drop,7600,Pat Freiermuth,TE,
2024,1145870814227742720,4,waiver,complete,1727559400663,2024-09-28,10,cc5597,add,5947,Jakobi Meyers,WR,0
2024,1145870540851396608,4,waiver,failed,1727559335485,2024-09-28,10,cc5597,add,1426,DeAndre Hopkins,WR,0
2024,1145488935389491200,4,waiver,complete,1727468353653,2024-09-27,8,TylerWicks,add,4993,Mike Gesicki,TE,0
2024,1145486892897660928,4,waiver,complete,1727467866685,2024-09-27,4,jdrobny,add,LV,Las Vegas Raiders,DEF,0
2024,1145486892897660928,4,waiver,complete,1727467866685,2024-09-27,4,jdrobny,drop,8228,Jaylen Warren,RB,
2024,1145419083261825024,4,waiver,complete,1727451699608,2024-09-27,1,bgreenblatt,add,7600,Pat Freiermuth,TE,0
2024,1145419083261825024,4,waiver,complete,1727451699608,2024-09-27,1,bgreenblatt,drop,4033,David Njoku,TE,
2024,1145390422903279616,4,waiver,complete,1727444866446,2024-09-27,6,JSanDusky69,add,10235,Roschon Johnson,RB,0
2024,1145236974308192256,4,free_agent,complete,1727408281450,2024-09-26,1,bgreenblatt,add,MIA,Miami Dolphins,DEF,
2024,1145236974308192256,4,free_agent,complete,1727408281450,2024-09-26,1,bgreenblatt,drop,CIN,Cincinnati Bengals,DEF,
2024,1145143357757333504,4,free_agent,complete,1727385961525,2024-09-26,8,TylerWicks,drop,7600,Pat Freiermuth,TE,
2024,1145015608199847936,4,waiver,complete,1727355503657,2024-09-26,5,kaufmannc,add,CLE,Cleveland Browns,DEF,2
2024,1145015608199847936,4,waiver,complete,1727355503657,2024-09-26,5,kaufmannc,drop,LV,Las Vegas Raiders,DEF,
2024,1144762786208456704,4,waiver,complete,1727295226197,2024-09-25,10,cc5597,add,5870,Daniel Jones,QB,0
2024,1144762786208456704,4,waiver,complete,1727295226197,2024-09-25,10,cc5597,drop,9999,Will Levis,QB,
2024,1144762530120798208,4,waiver,complete,1727295165141,2024-09-25,10,cc5597,add,7042,Tyler Bass,K,0
2024,1144762530120798208,4,waiver,complete,1727295165141,2024-09-25,10,cc5597,drop,5119,Jason Sanders,K,
2024,1144720306633072640,4,waiver,complete,1727285098277,2024-09-25,1,bgreenblatt,add,4033,David Njoku,TE,0
2024,1144720306633072640,4,waiver,complete,1727285098277,2024-09-25,1,bgreenblatt,drop,SEA,Seattle Seahawks,DEF,
2024,1144699714772774912,4,free_agent,complete,1727280188795,2024-09-25,6,JSanDusky69,drop,CLE,Cleveland Browns,DEF,
2024,1144685177986420736,4,waiver,complete,1727276722955,2024-09-25,7,KingTowsk,add,7090,Darnell Mooney,WR,0
2024,1144685153927913472,4,waiver,failed,1727276717219,2024-09-25,7,KingTowsk,add,8126,Wan'Dale Robinson,WR,0
2024,1144685121858084864,4,waiver,failed,1727276709573,2024-09-25,7,KingTowsk,add,5870,Daniel Jones,QB,0
2024,1144669004896956416,4,waiver,failed,1727272866990,2024-09-25,10,cc5597,add,829,Andy Dalton,QB,6
2024,1144669004896956416,4,waiver,failed,1727272866990,2024-09-25,10,cc5597,drop,9999,Will Levis,QB,
2024,1144651758506233856,4,waiver,failed,1727268755130,2024-09-25,10,cc5597,add,7594,Chuba Hubbard,RB,16
2024,1144651758506233856,4,waiver,failed,1727268755130,2024-09-25,10,cc5597,drop,2749,Raheem Mostert,RB,
2024,1144649818732634112,4,waiver,failed,1727268292652,2024-09-25,5,kaufmannc,add,7049,Jauan Jennings,WR,11
2024,1144649818732634112,4,waiver,failed,1727268292652,2024-09-25,5,kaufmannc,drop,4082,Curtis Samuel,WR,
2024,1144649601727889408,4,waiver,complete,1727268240914,2024-09-25,10,cc5597,add,11576,Braelon Allen,RB,36
2024,1144649601727889408,4,waiver,complete,1727268240914,2024-09-25,10,cc5597,drop,8139,Zamir White,RB,
2024,1144645528945397760,4,waiver,failed,1727267269887,2024-09-25,4,jdrobny,add,7594,Chuba Hubbard,RB,6
2024,1144645528945397760,4,waiver,failed,1727267269887,2024-09-25,4,jdrobny,drop,8228,Jaylen Warren,RB,
2024,1144645021422219264,4,waiver,complete,1727267148884,2024-09-25,4,jdrobny,add,7049,Jauan Jennings,WR,26
2024,1144645021422219264,4,waiver,complete,1727267148884,2024-09-25,4,jdrobny,drop,TB,Tampa Bay Buccaneers,DEF,
2024,1149534284194324480,5,waiver,complete,1728432839967,2024-10-08,9,brockhusk,add,HOU,Houston Texans,DEF,13
2024,1149534284194324480,5,waiver,complete,1728432839967,2024-10-08,9,brockhusk,drop,WAS,Washington Commanders,DEF,
2024,1149534137351561216,5,waiver,complete,1728432804957,2024-10-08,9,brockhusk,add,7588,Javonte Williams,RB,31
2024,1149534137351561216,5,waiver,complete,1728432804957,2024-10-08,9,brockhusk,drop,9508,Tyjae Spears,RB,
2024,1149490125278146560,5,waiver,failed,1728422311661,2024-10-08,2,Erjohnson14,add,4040,JuJu Smith-Schuster,WR,11
2024,1149490027794161664,5,waiver,failed,1728422288419,2024-10-08,2,Erjohnson14,add,1426,DeAndre Hopkins,WR,0
2024,1149489963386429440,5,waiver,complete,1728422273063,2024-10-08,2,Erjohnson14,add,7090,Darnell Mooney,WR,21
2024,1149444014098378752,5,waiver,failed,1728411317899,2024-10-08,7,KingTowsk,add,7588,Javonte Williams,RB,18
2024,1149444014098378752,5,waiver,failed,1728411317899,2024-10-08,7,KingTowsk,drop,8143,Jerome Ford,RB,
2024,1149443646312378368,5,waiver,complete,1728411230212,2024-10-08,7,KingTowsk,add,4195,Jake Elliott,K,1
2024,1149443646312378368,5,waiver,complete,1728411230212,2024-10-08,7,KingTowsk,drop,5095,Daniel Carlson,K,
2024,1149443437226369024,5,waiver,failed,1728411180362,2024-10-08,7,KingTowsk,add,IND,Indianapolis Colts,DEF,0
2024,1149443437226369024,5,waiver,failed,1728411180362,2024-10-08,7,KingTowsk,drop,NE,New England Patriots,DEF,
2024,1149443365935730688,5,waiver,failed,1728411163366,2024-10-08,7,KingTowsk,add,PHI,Philadelphia Eagles,DEF,0
2024,1149443365935730688,5,waiver,failed,1728411163366,2024-10-08,7,KingTowsk,drop,NE,New England Patriots,DEF,
2024,1149443334310727680,5,waiver,complete,1728411155825,2024-10-08,7,KingTowsk,add,LAC,Los Angeles Chargers,DEF,3
2024,1149443334310727680,5,waiver,complete,1728411155825,2024-10-08,7,KingTowsk,drop,NE,New England Patriots,DEF,
2024,1149443291713310720,5,waiver,failed,1728411145669,2024-10-08,7,KingTowsk,add,HOU,Houston Texans,DEF,0
2024,1149443291713310720,5,waiver,failed,1728411145669,2024-10-08,7,KingTowsk,drop,NE,New England Patriots,DEF,
2024,1149429549051248640,5,waiver,failed,1728407869163,2024-10-08,10,cc5597,add,7588,Javonte Williams,RB,23
2024,1149370676319498240,5,waiver,failed,1728393832810,2024-10-08,2,Erjohnson14,add,5947,Jakobi Meyers,WR,9
2024,1149370403551281152,5,free_agent,complete,1728393767777,2024-10-08,2,Erjohnson14,drop,10229,Rashee Rice,WR,
2024,1149351062676250624,5,waiver,complete,1728389156553,2024-10-08,1,bgreenblatt,add,PIT,Pittsburgh Steelers,DEF,12
2024,1149351062676250624,5,waiver,complete,1728389156553,2024-10-08,1,bgreenblatt,drop,MIA,Miami Dolphins,DEF,
2024,1149350963589873664,5,waiver,complete,1728389132929,2024-10-08,1,bgreenblatt,add,1945,Chris Boswell,K,0
2024,1149350963589873664,5,waiver,complete,1728389132929,2024-10-08,1,bgreenblatt,drop,10937,Jake Moody,K,
2024,1149046648572579840,5,free_agent,complete,1728316578575,2024-10-07,10,cc5597,drop,5947,Jakobi Meyers,WR,
2024,1148679911352397824,5,waiver,complete,1728229141608,2024-10-06,5,kaufmannc,add,19,Joe Flacco,QB,7
2024,1148678739296894976,5,waiver,complete,1728228862168,2024-10-06,8,TylerWicks,add,1339,Zach Ertz,TE,0
2024,1148678739296894976,5,waiver,complete,1728228862168,2024-10-06,8,TylerWicks,drop,4993,Mike Gesicki,TE,
2024,1148092992444743680,5,waiver,complete,1728089209236,2024-10-04,1,bgreenblatt,add,9500,Josh Downs,WR,0
2024,1148092992444743680,5,waiver,complete,1728089209236,2024-10-04,1,bgreenblatt,drop,7588,Javonte Williams,RB,
2024,1147637486445756416,5,free_agent,complete,1727980608143,2024-10-03,9,brockhusk,add,WAS,Washington Commanders,DEF,
2024,1147637486445756416,5,free_agent,complete,1727980608143,2024-10-03,9,brockhusk,drop,8167,Christian Watson,WR,
2024,1147291045588709376,5,waiver,complete,1727898010206,2024-10-02,1,bgreenblatt,add,8126,Wan'Dale Robinson,WR,0
2024,1147291045588709376,5,waiver,complete,1727898010206,2024-10-02,1,bgreenblatt,drop,8132,Tyler Allgeier,RB,
2024,1147235558029193216,5,waiver,failed,1727884780941,2024-10-02,5,kaufmannc,add,4098,Kareem Hunt,RB,14
2024,1147235558029193216,5,waiver,failed,1727884780941,2024-10-02,5,kaufmannc,drop,9753,Zach Charbonnet,RB,
2024,1147213479682785280,5,waiver,complete,1727879517053,2024-10-02,8,TylerWicks,add,2020,Cairo Santos,K,0
2024,1147213479682785280,5,waiver,complete,1727879517053,2024-10-02,8,TylerWicks,drop,4195,Jake Elliott,K,
2024,1147206219632017408,5,waiver,complete,1727877786122,2024-10-02,7,KingTowsk,add,NE,New England Patriots,DEF,0
2024,1147206219632017408,5,waiver,complete,1727877786122,2024-10-02,7,KingTowsk,drop,KC,Kansas City Chiefs,DEF,
2024,1147205853242683392,5,waiver,failed,1727877698768,2024-10-02,7,KingTowsk,add,DEN,Denver Broncos,DEF,3
2024,1147205853242683392,5,waiver,failed,1727877698768,2024-10-02,7,KingTowsk,drop,KC,Kansas City Chiefs,DEF,
2024,1147205285262569472,5,waiver,failed,1727877563351,2024-10-02,8,TylerWicks,add,9484,Tucker Kraft,TE,9
2024,1147205285262569472,5,waiver,failed,1727877563351,2024-10-02,8,TylerWicks,drop,4993,Mike Gesicki,TE,
2024,1147204550764396544,5,waiver,complete,1727877388233,2024-10-02,7,KingTowsk,add,9484,Tucker Kraft,TE,9
2024,1147204550764396544,5,waiver,complete,1727877388233,2024-10-02,7,KingTowsk,drop,7090,Darnell Mooney,WR,
2024,1152020679475277824,6,waiver,failed,1729025642797,2024-10-15,2,Erjohnson14,add,11564,Drake Maye,QB,16
2024,1152020679475277824,6,waiver,failed,1729025642797,2024-10-15,2,Erjohnson14,drop,7090,Darnell Mooney,WR,
2024,1152018362122444800,6,waiver,complete,1729025090297,2024-10-15,10,cc5597,add,4040,JuJu Smith-Schuster,WR,22
2024,1152018362122444800,6,waiver,complete,1729025090297,2024-10-15,10,cc5597,drop,4981,Calvin Ridley,WR,
2024,1152005263700926464,6,waiver,complete,1729021967390,2024-10-15,1,bgreenblatt,add,11564,Drake Maye,QB,18
2024,1152005263700926464,6,waiver,complete,1729021967390,2024-10-15,1,bgreenblatt,drop,11562,Spencer Rattler,QB,
2024,1151951917929906176,6,waiver,failed,1729009248767,2024-10-15,7,KingTowsk,add,NO,New Orleans Saints,DEF,0
2024,1151951917929906176,6,waiver,failed,1729009248767,2024-10-15,7,KingTowsk,drop,6149,Darius Slayton,WR,
2024,1151951813609119744,6,waiver,failed,1729009223895,2024-10-15,7,KingTowsk,add,LAR,Los Angeles Rams,DEF,0
2024,1151951813609119744,6,waiver,failed,1729009223895,2024-10-15,7,KingTowsk,drop,6149,Darius Slayton,WR,
2024,1151951766456885248,6,waiver,complete,1729009212653,2024-10-15,7,KingTowsk,add,JAX,Jacksonville Jaguars,DEF,0
2024,1151951766456885248,6,waiver,complete,1729009212653,2024-10-15,7,KingTowsk,drop,6149,Darius Slayton,WR,
2024,1151949217527975936,6,waiver,failed,1729008604941,2024-10-15,6,JSanDusky69,add,LAR,Los Angeles Rams,DEF,6
2024,1151949217527975936,6,waiver,failed,1729008604941,2024-10-15,6,JSanDusky69,drop,CHI,Chicago Bears,DEF,
2024,1151949145918304256,6,waiver,complete,1729008587868,2024-10-15,6,JSanDusky69,add,NO,New Orleans Saints,DEF,7
2024,1151949145918304256,6,waiver,complete,1729008587868,2024-10-15,6,JSanDusky69,drop,CHI,Chicago Bears,DEF,
2024,1151923282992545792,6,free_agent,complete,1729002421666,2024-10-15,10,cc5597,drop,6945,Antonio Gibson,RB,
2024,1151286320351506432,6,waiver,failed,1728850557938,2024-10-13,1,bgreenblatt,add,11564,Drake Maye,QB,8
2024,1151286320351506432,6,waiver,failed,1728850557938,2024-10-13,1,bgreenblatt,drop,11562,Spencer Rattler,QB,
2024,1151199416231206912,6,waiver,complete,1728829838381,2024-10-13,4,jdrobny,add,CIN,Cincinnati Bengals,DEF,0
2024,1151199416231206912,6,waiver,complete,1728829838381,2024-10-13,4,jdrobny,drop,LV,Las Vegas Raiders,DEF,
2024,1151198075425570816,6,waiver,failed,1728829518708,2024-10-13,4,jdrobny,add,9508,Tyjae Spears,RB,0
2024,1151198075425570816,6,waiver,failed,1728829518708,2024-10-13,4,jdrobny,drop,5001,Dalton Schultz,TE,
2024,1151198030637993984,6,waiver,failed,1728829508030,2024-10-13,4,jdrobny,add,5987,Alexander Mattison,RB,0
2024,1151198030637993984,6,waiver,failed,1728829508030,2024-10-13,4,jdrobny,drop,5001,Dalton Schultz,TE,
2024,1151197267493601280,6,waiver,complete,1728829326082,2024-10-13,4,jdrobny,add,7593,Trey Sermon,RB,0
2024,1151197267493601280,6,waiver,complete,1728829326082,2024-10-13,4,jdrobny,drop,5001,Dalton Schultz,TE,
2024,1150858060882350080,6,waiver,complete,1728748452924,2024-10-12,10,cc5597,add,6945,Antonio Gibson,RB,1
2024,1150858060882350080,6,waiver,complete,1728748452924,2024-10-12,10,cc5597,drop,8117,Jalen Tolbert,WR,
2024,1150502428391972864,6,waiver,complete,1728663663531,2024-10-11,7,KingTowsk,add,6149,Darius Slayton,WR,2
2024,1150502428391972864,6,waiver,complete,1728663663531,2024-10-11,7,KingTowsk,drop,10218,Xavier Hutchinson,WR,
2024,1150197957526917120,6,free_agent,complete,1728591072020,2024-10-10,10,cc5597,add,8117,Jalen Tolbert,WR,
2024,1150180393438511104,6,free_agent,complete,1728586884415,2024-10-10,6,JSanDusky69,add,6650,Chase McLaughlin,K,
2024,1150180393438511104,6,free_agent,complete,1728586884415,2024-10-10,6,JSanDusky69,drop,4227,Harrison Butker,K,
2024,1150179402437726208,6,free_agent,complete,1728586648142,2024-10-10,9,brockhusk,add,7600,Pat Freiermuth,TE,
2024,1150179402437726208,6,free_agent,complete,1728586648142,2024-10-10,9,brockhusk,drop,9754,Quentin Johnston,WR,
2024,1150178989642715136,6,free_agent,complete,1728586549724,2024-10-10,6,JSanDusky69,drop,829,Andy Dalton,QB,
2024,1150166806674370560,6,free_agent,complete,1728583645078,2024-10-10,3,MaxSirianni,add,TB,Tampa Bay Buccaneers,DEF,
2024,1150166806674370560,6,free_agent,complete,1728583645078,2024-10-10,3,MaxSirianni,drop,DAL,Dallas Cowboys,DEF,
2024,1150165922410455040,6,trade,complete,1728583434253,2024-10-10,2,Erjohnson14,add,4983,DJ Moore,WR,
2024,1150165922410455040,6,trade,complete,1728583434253,2024-10-10,6,JSanDusky69,add,6804,Jordan Love,QB,
2024,1150165922410455040,6,trade,complete,1728583434253,2024-10-10,6,JSanDusky69,drop,4983,DJ Moore,WR,
2024,1150165922410455040,6,trade,complete,1728583434253,2024-10-10,2,Erjohnson14,drop,6804,Jordan Love,QB,
2024,1150163711617765376,6,free_agent,complete,1728582907159,2024-10-10,7,KingTowsk,add,10218,Xavier Hutchinson,WR,
2024,1150163300575973376,6,free_agent,complete,1728582809159,2024-10-10,8,TylerWicks,drop,11582,Carson Steele,RB,
2024,1150158526812319744,6,trade,complete,1728581671005,2024-10-10,8,TylerWicks,add,11628,Marvin Harrison,WR,
2024,1150158526812319744,6,trade,complete,1728581671005,2024-10-10,8,TylerWicks,add,4137,James Conner,RB,
2024,1150158526812319744,6,trade,complete,1728581671005,2024-10-10,7,KingTowsk,add,6794,Justin Jefferson,WR,
2024,1150158526812319744,6,trade,complete,1728581671005,2024-10-10,7,KingTowsk,add,6806,J.K. Dobbins,RB,
2024,1150158526812319744,6,trade,complete,1728581671005,2024-10-10,8,TylerWicks,add,9484,Tucker Kraft,TE,
2024,1150158526812319744,6,trade,complete,1728581671005,2024-10-10,7,KingTowsk,drop,11628,Marvin Harrison,WR,
2024,1150158526812319744,6,trade,complete,1728581671005,2024-10-10,7,KingTowsk,drop,4137,James Conner,RB,
2024,1150158526812319744,6,trade,complete,1728581671005,2024-10-10,8,TylerWicks,drop,6794,Justin Jefferson,WR,
2024,1150158526812319744,6,trade,complete,1728581671005,2024-10-10,8,TylerWicks,drop,6806,J.K. Dobbins,RB,
2024,1150158526812319744,6,trade,complete,1728581671005,2024-10-10,7,KingTowsk,drop,9484,Tucker Kraft,TE,
2024,1150139783969083392,6,free_agent,complete,1728577202363,2024-10-10,1,bgreenblatt,add,11562,Spencer Rattler,QB,
2024,1149925883407335424,6,free_agent,complete,1728526204495,2024-10-09,1,bgreenblatt,drop,2028,Derek Carr,QB,
2024,1149826667297374208,6,waiver,complete,1728502549531,2024-10-09,5,kaufmannc,add,PHI,Philadelphia Eagles,DEF,1
2024,1149826667297374208,6,waiver,complete,1728502549531,2024-10-09,5,kaufmannc,drop,SEA,Seattle Seahawks,DEF,
2024,1149769988035796992,6,waiver,failed,1728489036142,2024-10-09,10,cc5597,add,7090,Darnell Mooney,WR,17
2024,1149769988035796992,6,waiver,failed,1728489036142,2024-10-09,10,cc5597,drop,7042,Tyler Bass,K,
2024,1149764443828719616,6,waiver,failed,1728487714300,2024-10-09,7,KingTowsk,add,9225,Tank Bigsby,RB,15
2024,1149764443828719616,6,waiver,failed,1728487714300,2024-10-09,7,KingTowsk,drop,8143,Jerome Ford,RB,
2024,1149764399540932608,6,waiver,complete,1728487703741,2024-10-09,7,KingTowsk,add,5947,Jakobi Meyers,WR,16
2024,1149764399540932608,6,waiver,complete,1728487703741,2024-10-09,7,KingTowsk,drop,8143,Jerome Ford,RB,
2024,1149764364875116544,6,waiver,failed,1728487695476,2024-10-09,7,KingTowsk,add,7090,Darnell Mooney,WR,17
2024,1149764364875116544,6,waiver,failed,1728487695476,2024-10-09,7,KingTowsk,drop,8143,Jerome Ford,RB,
2024,1149760291555659776,6,waiver,failed,1728486724321,2024-10-09,3,MaxSirianni,add,7588,Javonte Williams,RB,0
2024,1149760291555659776,6,waiver,failed,1728486724321,2024-10-09,3,MaxSirianni,drop,11586,Blake Corum,RB,
2024,1149759193457602560,6,waiver,complete,1728486462514,2024-10-09,5,kaufmannc,add,9225,Tank Bigsby,RB,17
2024,1149759193457602560,6,waiver,complete,1728486462514,2024-10-09,5,kaufmannc,drop,9753,Zach Charbonnet,RB,
2024,1149757948151951360,6,waiver,failed,1728486165610,2024-10-09,2,Erjohnson14,add,PIT,Pittsburgh Steelers,DEF,0
2024,1149757948151951360,6,waiver,failed,1728486165610,2024-10-09,2,Erjohnson14,drop,DEN,Denver Broncos,DEF,
2024,1149756316089597952,6,waiver,failed,1728485776496,2024-10-09,4,jdrobny,add,5947,Jakobi Meyers,WR,13
2024,1149756316089597952,6,waiver,failed,1728485776496,2024-10-09,4,jdrobny,drop,LV,Las Vegas Raiders,DEF,
2024,1149752828320284672,6,waiver,failed,1728484944947,2024-10-09,8,TylerWicks,add,7588,Javonte Williams,RB,25
2024,1149752828320284672,6,waiver,failed,1728484944947,2024-10-09,8,TylerWicks,drop,11582,Carson Steele,RB,
2024,1149752572526342144,6,waiver,failed,1728484883961,2024-10-09,3,MaxSirianni,add,PIT,Pittsburgh Steelers,DEF,0
2024,1149752572526342144,6,waiver,failed,1728484883961,2024-10-09,3,MaxSirianni,drop,DAL,Dallas Cowboys,DEF,
2024,1149752240601661440,6,free_agent,complete,1728484804824,2024-10-09,8,TylerWicks,drop,1339,Zach Ertz,TE,
2024,1149748122734825472,6,waiver,failed,1728483823048,2024-10-09,1,bgreenblatt,add,7588,Javonte Williams,RB,15
2024,1149748122734825472,6,waiver,failed,1728483823048,2024-10-09,1,bgreenblatt,drop,2028,Derek Carr,QB,
2024,1149727317401407488,6,waiver,failed,1728478862670,2024-10-09,5,kaufmannc,add,PIT,Pittsburgh Steelers,DEF,6
2024,1149727317401407488,6,waiver,failed,1728478862670,2024-10-09,5,kaufmannc,drop,SEA,Seattle Seahawks,DEF,
2024,1149726314333569024,6,free_agent,complete,1728478623520,2024-10-09,5,kaufmannc,drop,4017,Deshaun Watson,QB,
2024,1154629595728330752,7,waiver,complete,1729647656903,2024-10-22,9,brockhusk,add,DET,Detroit Lions,DEF,6
2024,1154629595728330752,7,waiver,complete,1729647656903,2024-10-22,9,brockhusk,drop,LAR,Los Angeles Rams,DEF,
2024,1154620009768071168,7,waiver,complete,1729645371432,2024-10-22,2,Erjohnson14,add,1234,Russell Wilson,QB,17
2024,1154620009768071168,7,waiver,complete,1729645371432,2024-10-22,2,Erjohnson14,drop,9756,Jordan Addison,WR,
2024,1154527466313359360,7,waiver,failed,1729623307353,2024-10-22,7,KingTowsk,add,2307,Marcus Mariota,QB,0
2024,1154527466313359360,7,waiver,failed,1729623307353,2024-10-22,7,KingTowsk,drop,JAX,Jacksonville Jaguars,DEF,
2024,1154527353306034176,7,waiver,failed,1729623280410,2024-10-22,7,KingTowsk,add,11618,Jalen McMillan,WR,21
2024,1154527353306034176,7,waiver,failed,1729623280410,2024-10-22,7,KingTowsk,drop,JAX,Jacksonville Jaguars,DEF,
2024,1154527284360142848,7,waiver,failed,1729623263972,2024-10-22,7,KingTowsk,add,1234,Russell Wilson,QB,0
2024,1154527284360142848,7,waiver,failed,1729623263972,2024-10-22,7,KingTowsk,drop,JAX,Jacksonville Jaguars,DEF,
2024,1154527240357789696,7,waiver,failed,1729623253481,2024-10-22,7,KingTowsk,add,3200,Sterling Shepard,WR,0
2024,1154527240357789696,7,waiver,failed,1729623253481,2024-10-22,7,KingTowsk,drop,JAX,Jacksonville Jaguars,DEF,
2024,1154527214445342720,7,waiver,failed,1729623247303,2024-10-22,7,KingTowsk,add,11638,Ricky Pearsall,WR,16
2024,1154527214445342720,7,waiver,failed,1729623247303,2024-10-22,7,KingTowsk,drop,JAX,Jacksonville Jaguars,DEF,
2024,1154527055774789632,7,waiver,complete,1729623209473,2024-10-22,7,KingTowsk,add,1433,Brandon McManus,K,0
2024,1154527055774789632,7,waiver,complete,1729623209473,2024-10-22,7,KingTowsk,drop,4195,Jake Elliott,K,
2024,1154406086393393152,7,waiver,complete,1729594368125,2024-10-22,5,kaufmannc,add,2306,Jameis Winston,QB,32
2024,1154406086393393152,7,waiver,complete,1729594368125,2024-10-22,5,kaufmannc,drop,9753,Zach Charbonnet,RB,
2024,1154405740350681088,7,waiver,failed,1729594285622,2024-10-22,5,kaufmannc,add,DET,Detroit Lions,DEF,2
2024,1154405740350681088,7,waiver,failed,1729594285622,2024-10-22,5,kaufmannc,drop,PHI,Philadelphia Eagles,DEF,
2024,1154405624696995840,7,waiver,failed,1729594258048,2024-10-22,5,kaufmannc,add,KC,Kansas City Chiefs,DEF,4
2024,1154405624696995840,7,waiver,failed,1729594258048,2024-10-22,5,kaufmannc,drop,PHI,Philadelphia Eagles,DEF,
2024,1154112147497058304,7,waiver,failed,1729524287631,2024-10-21,6,JSanDusky69,add,KC,Kansas City Chiefs,DEF,6
2024,1154112147497058304,7,waiver,failed,1729524287631,2024-10-21,6,JSanDusky69,drop,NO,New Orleans Saints,DEF,
2024,1154112110461546496,7,waiver,failed,1729524278801,2024-10-21,6,JSanDusky69,add,DET,Detroit Lions,DEF,7
2024,1154112110461546496,7,waiver,failed,1729524278801,2024-10-21,6,JSanDusky69,drop,NO,New Orleans Saints,DEF,
2024,1154112068879015936,7,waiver,complete,1729524268887,2024-10-21,6,JSanDusky69,add,BAL,Baltimore Ravens,DEF,5
2024,1154112068879015936,7,waiver,complete,1729524268887,2024-10-21,6,JSanDusky69,drop,NO,New Orleans Saints,DEF,
2024,1154103207644299264,7,waiver,failed,1729522156205,2024-10-21,1,bgreenblatt,add,11655,Tyrone Tracy,RB,0
2024,1154103207644299264,7,waiver,failed,1729522156205,2024-10-21,1,bgreenblatt,drop,11620,Rome Odunze,WR,
2024,1153746505179701248,7,waiver,complete,1729437111709,2024-10-20,4,jdrobny,add,11623,Jordan Whittington,WR,0
2024,1153588849248059392,7,waiver,complete,1729399523606,2024-10-19,5,kaufmannc,add,9753,Zach Charbonnet,RB,2
2024,1153588849248059392,7,waiver,complete,1729399523606,2024-10-19,5,kaufmannc,drop,19,Joe Flacco,QB,
2024,1153095798872633344,7,waiver,failed,1729281971236,2024-10-18,7,KingTowsk,add,3214,Hunter Henry,TE,0
2024,1153095798872633344,7,waiver,failed,1729281971236,2024-10-18,7,KingTowsk,drop,5022,Dallas Goedert,TE,
2024,1153095453933010944,7,waiver,complete,1729281888996,2024-10-18,7,KingTowsk,add,4033,David Njoku,TE,0
2024,1153095453933010944,7,waiver,complete,1729281888996,2024-10-18,7,KingTowsk,drop,5022,Dallas Goedert,TE,
2024,1152745498533539840,7,free_agent,complete,1729198453127,2024-10-17,3,MaxSirianni,add,IND,Indianapolis Colts,DEF,
2024,1152745498533539840,7,free_agent,complete,1729198453127,2024-10-17,3,MaxSirianni,drop,TB,Tampa Bay Buccaneers,DEF,
2024,1152690308472221696,7,free_agent,complete,1729185294791,2024-10-17,8,TylerWicks,add,6083,Matt Gay,K,
2024,1152690308472221696,7,free_agent,complete,1729185294791,2024-10-17,8,TylerWicks,drop,2020,Cairo Santos,K,
2024,1152323387256061952,7,free_agent,complete,1729097813956,2024-10-16,4,jdrobny,drop,7593,Trey Sermon,RB,
2024,1152323157605335040,7,free_agent,complete,1729097759203,2024-10-16,4,jdrobny,drop,BAL,Baltimore Ravens,DEF,
2024,1152291834958487552,7,waiver,complete,1729090291302,2024-10-16,6,JSanDusky69,add,4227,Harrison Butker,K,0
2024,1152291834958487552,7,waiver,complete,1729090291302,2024-10-16,6,JSanDusky69,drop,6650,Chase McLaughlin,K,
2024,1152286724085850112,7,waiver,complete,1729089072775,2024-10-16,9,brockhusk,add,LAR,Los Angeles Rams,DEF,3
2024,1152286724085850112,7,waiver,complete,1729089072775,2024-10-16,9,brockhusk,drop,HOU,Houston Texans,DEF,
2024,1157129148582883328,8,waiver,failed,1730243596743,2024-10-29,10,cc5597,add,MIN,Minnesota Vikings,DEF,0
2024,1157129148582883328,8,waiver,failed,1730243596743,2024-10-29,10,cc5597,drop,2749,Raheem Mostert,RB,
2024,1157104509764833280,8,waiver,failed,1730237722391,2024-10-29,2,Erjohnson14,add,MIN,Minnesota Vikings,DEF,0
2024,1157104509764833280,8,waiver,failed,1730237722391,2024-10-29,2,Erjohnson14,drop,DEN,Denver Broncos,DEF,
2024,1157087121216360448,8,waiver,complete,1730233576638,2024-10-29,1,bgreenblatt,add,19,Joe Flacco,QB,20
2024,1157087121216360448,8,waiver,complete,1730233576638,2024-10-29,1,bgreenblatt,drop,9229,Anthony Richardson,QB,
2024,1157060446978150400,8,waiver,failed,1730227217004,2024-10-29,9,brockhusk,add,4981,Calvin Ridley,WR,16
2024,1157060446978150400,8,waiver,failed,1730227217004,2024-10-29,9,brockhusk,drop,6803,Brandon Aiyuk,WR,
2024,1157059567025676288,8,waiver,complete,1730227007207,2024-10-29,9,brockhusk,add,10444,Cedric Tillman,WR,16
2024,1157059567025676288,8,waiver,complete,1730227007207,2024-10-29,9,brockhusk,drop,6803,Brandon Aiyuk,WR,
2024,1157046559113351168,8,waiver,complete,1730223905879,2024-10-29,6,JSanDusky69,add,7571,Rashod Bateman,WR,0
2024,1157046135014412288,8,free_agent,complete,1730223804766,2024-10-29,6,JSanDusky69,drop,2449,Stefon Diggs,WR,
2024,1157044470777864192,8,waiver,failed,1730223407981,2024-10-29,2,Erjohnson14,add,19,Joe Flacco,QB,6
2024,1157044470777864192,8,waiver,failed,1730223407981,2024-10-29,2,Erjohnson14,drop,7591,Justin Fields,QB,
2024,1156979969659244544,8,waiver,complete,1730208029716,2024-10-29,5,kaufmannc,add,PHI,Philadelphia Eagles,DEF,6
2024,1156979969659244544,8,waiver,complete,1730208029716,2024-10-29,5,kaufmannc,drop,HOU,Houston Texans,DEF,
2024,1156975032485388288,8,waiver,failed,1730206852602,2024-10-29,2,Erjohnson14,add,2028,Derek Carr,QB,0
2024,1156975032485388288,8,waiver,failed,1730206852602,2024-10-29,2,Erjohnson14,drop,7591,Justin Fields,QB,
2024,1156834694971027456,8,waiver,complete,1730173393531,2024-10-28,1,bgreenblatt,add,CIN,Cincinnati Bengals,DEF,0
2024,1156834694971027456,8,waiver,complete,1730173393531,2024-10-28,1,bgreenblatt,drop,PIT,Pittsburgh Steelers,DEF,
2024,1156833086828093440,8,waiver,complete,1730173010120,2024-10-28,2,Erjohnson14,add,8111,Cade Otton,TE,1
2024,1156833086828093440,8,waiver,complete,1730173010120,2024-10-28,2,Erjohnson14,drop,7591,Justin Fields,QB,
2024,1156530645359820800,8,waiver,complete,1730100902455,2024-10-28,6,JSanDusky69,add,MIN,Minnesota Vikings,DEF,0
2024,1156530645359820800,8,waiver,complete,1730100902455,2024-10-28,6,JSanDusky69,drop,BAL,Baltimore Ravens,DEF,
2024,1156340795721646080,8,free_agent,complete,1730055638774,2024-10-27,7,KingTowsk,add,3678,Wil Lutz,K,
2024,1156340795721646080,8,free_agent,complete,1730055638774,2024-10-27,7,KingTowsk,drop,2307,Marcus Mariota,QB,
2024,1155364129415364608,8,free_agent,complete,1729822783381,2024-10-24,4,jdrobny,drop,CIN,Cincinnati Bengals,DEF,
2024,1155364046015823872,8,free_agent,complete,1729822763497,2024-10-24,4,jdrobny,add,CHI,Chicago Bears,DEF,
2024,1155224959254380544,8,free_agent,complete,1729789602629,2024-10-24,5,kaufmannc,add,HOU,Houston Texans,DEF,
2024,1155224959254380544,8,free_agent,complete,1729789602629,2024-10-24,5,kaufmannc,drop,PHI,Philadelphia Eagles,DEF,
2024,1155212762730053632,8,free_agent,complete,1729786694751,2024-10-24,7,KingTowsk,add,2307,Marcus Mariota,QB,
2024,1155212762730053632,8,free_agent,complete,1729786694751,2024-10-24,7,KingTowsk,drop,3678,Wil Lutz,K,
2024,1155210742388342784,8,free_agent,complete,1729786213064,2024-10-24,7,KingTowsk,add,3678,Wil Lutz,K,
2024,1155210742388342784,8,free_agent,complete,1729786213064,2024-10-24,7,KingTowsk,drop,1433,Brandon McManus,K,
2024,1154978713814024192,8,free_agent,complete,1729730893141,2024-10-23,4,jdrobny,drop,11623,Jordan Whittington,WR,
2024,1154937039763378176,8,trade,complete,1729720957273,2024-10-23,5,kaufmannc,add,11564,Drake Maye,QB,
2024,1154937039763378176,8,trade,complete,1729720957273,2024-10-23,1,bgreenblatt,add,9229,Anthony Richardson,QB,
2024,1154937039763378176,8,trade,complete,1729720957273,2024-10-23,1,bgreenblatt,drop,11564,Drake Maye,QB,
2024,1154937039763378176,8,trade,complete,1729720957273,2024-10-23,5,kaufmannc,drop,9229,Anthony Richardson,QB,
2024,1154883240256360448,8,trade,complete,1729708130471,2024-10-23,7,KingTowsk,add,7611,Rhamondre Stevenson,RB,
2024,1154883240256360448,8,trade,complete,1729708130471,2024-10-23,10,cc5597,add,8134,Khalil Shakir,WR,
2024,1154883240256360448,8,trade,complete,1729708130471,2024-10-23,7,KingTowsk,add,9502,Tank Dell,WR,
2024,1154883240256360448,8,trade,complete,1729708130471,2024-10-23,10,cc5597,add,9997,Zay Flowers,WR,
2024,1154883240256360448,8,trade,complete,1729708130471,2024-10-23,10,cc5597,drop,7611,Rhamondre Stevenson,RB,
2024,1154883240256360448,8,trade,complete,1729708130471,2024-10-23,7,KingTowsk,drop,8134,Khalil Shakir,WR,
2024,1154883240256360448,8,trade,complete,1729708130471,2024-10-23,10,cc5597,drop,9502,Tank Dell,WR,
2024,1154883240256360448,8,trade,complete,1729708130471,2024-10-23,7,KingTowsk,drop,9997,Zay Flowers,WR,
2024,1154841239821545472,8,waiver,complete,1729698116787,2024-10-23,10,cc5597,add,5987,Alexander Mattison,RB,17
2024,1154841239821545472,8,waiver,complete,1729698116787,2024-10-23,10,cc5597,drop,11576,Braelon Allen,RB,
2024,1154830652982857728,8,waiver,failed,1729695592688,2024-10-23,8,TylerWicks,add,11618,Jalen McMillan,WR,30
2024,1154830152325586944,8,waiver,complete,1729695473323,2024-10-23,7,KingTowsk,add,1426,DeAndre Hopkins,WR,19
2024,1154830152325586944,8,waiver,complete,1729695473323,2024-10-23,7,KingTowsk,drop,JAX,Jacksonville Jaguars,DEF,
2024,1154820669394255872,8,waiver,failed,1729693212415,2024-10-23,2,Erjohnson14,add,2306,Jameis Winston,QB,11
2024,1154820669394255872,8,waiver,failed,1729693212415,2024-10-23,2,Erjohnson14,drop,9756,Jordan Addison,WR,
2024,1154812991205105664,8,waiver,complete,1729691381792,2024-10-23,10,cc5597,add,11655,Tyrone Tracy,RB,11
2024,1154802291506188288,8,waiver,failed,1729688830785,2024-10-23,9,brockhusk,add,1426,DeAndre Hopkins,WR,17
2024,1154802291506188288,8,waiver,failed,1729688830785,2024-10-23,9,brockhusk,drop,6803,Brandon Aiyuk,WR,
2024,1154789399784337408,8,waiver,complete,1729685757159,2024-10-23,4,jdrobny,add,11618,Jalen McMillan,WR,31
2024,1154789399784337408,8,waiver,complete,1729685757159,2024-10-23,4,jdrobny,drop,8676,Rashid Shaheed,WR,
2024,1154717224570171392,8,waiver,complete,1729668549247,2024-10-23,3,MaxSirianni,add,KC,Kansas City Chiefs,DEF,5
2024,1154717224570171392,8,waiver,complete,1729668549247,2024-10-23,3,MaxSirianni,drop,IND,Indianapolis Colts,DEF,
2024,1159708391112118272,9,trade,complete,1730858536082,2024-11-05,8,TylerWicks,add,7526,Jaylen Waddle,WR,
2024,1159708391112118272,9,trade,complete,1730858536082,2024-11-05,2,Erjohnson14,drop,7526,Jaylen Waddle,WR,
2024,1159673364563476480,9,waiver,complete,1730850185102,2024-11-05,7,KingTowsk,add,9511,Keaton Mitchell,RB,0
2024,1159673364563476480,9,waiver,complete,1730850185102,2024-11-05,7,KingTowsk,drop,6819,Michael Pittman,WR,
2024,1159573288365006848,9,waiver,failed,1730826325077,2024-11-05,6,JSanDusky69,add,NYG,New York Giants,DEF,0
2024,1159572977449807872,9,waiver,failed,1730826250950,2024-11-05,6,JSanDusky69,add,6149,Darius Slayton,WR,0
2024,1159572856653840384,9,waiver,failed,1730826222149,2024-11-05,6,JSanDusky69,add,8126,Wan'Dale Robinson,WR,0
2024,1159572821606326272,9,waiver,complete,1730826213793,2024-11-05,6,JSanDusky69,add,9756,Jordan Addison,WR,0
2024,1159506298988265472,9,waiver,complete,1730810353565,2024-11-05,1,bgreenblatt,add,NYG,New York Giants,DEF,0
2024,1159506298988265472,9,waiver,complete,1730810353565,2024-11-05,1,bgreenblatt,drop,CIN,Cincinnati Bengals,DEF,
2024,1159205735054553088,9,free_agent,complete,1730738693539,2024-11-04,6,JSanDusky69,drop,TEN,Tennessee Titans,DEF,
2024,1158894412286652416,9,free_agent,complete,1730664468407,2024-11-03,1,bgreenblatt,add,6650,Chase McLaughlin,K,
2024,1158894412286652416,9,free_agent,complete,1730664468407,2024-11-03,1,bgreenblatt,drop,8126,Wan'Dale Robinson,WR,
2024,1158837056261656576,9,waiver,complete,1730650793665,2024-11-03,6,JSanDusky69,add,TEN,Tennessee Titans,DEF,0
2024,1158837056261656576,9,waiver,complete,1730650793665,2024-11-03,6,JSanDusky69,drop,8142,Alec Pierce,WR,
2024,1158817917937532928,9,waiver,complete,1730646230733,2024-11-03,4,jdrobny,add,4381,Taysom Hill,TE,0
2024,1158817834345246720,9,waiver,failed,1730646210803,2024-11-03,4,jdrobny,add,4993,Mike Gesicki,TE,0
2024,1158817762232348672,9,free_agent,complete,1730646193610,2024-11-03,4,jdrobny,drop,5022,Dallas Goedert,TE,
2024,1158184629950672896,9,trade,complete,1730495243111,2024-11-01,5,kaufmannc,add,6813,Jonathan Taylor,RB,
2024,1158184629950672896,9,trade,complete,1730495243111,2024-11-01,2,Erjohnson14,add,8112,Drake London,WR,
2024,1158184629950672896,9,trade,complete,1730495243111,2024-11-01,2,Erjohnson14,drop,6813,Jonathan Taylor,RB,
2024,1158184629950672896,9,trade,complete,1730495243111,2024-11-01,5,kaufmannc,drop,8112,Drake London,WR,
2024,1158128829651820544,9,waiver,complete,1730481939283,2024-11-01,10,cc5597,add,11792,Will Reichard,K,0
2024,1158128829651820544,9,waiver,complete,1730481939283,2024-11-01,10,cc5597,drop,7042,Tyler Bass,K,
2024,1157854706052624384,9,free_agent,complete,1730416583124,2024-10-31,4,jdrobny,add,5022,Dallas Goedert,TE,
2024,1157731522217177088,9,waiver,complete,1730387213809,2024-10-31,7,KingTowsk,add,6219,Austin Seibert,K,0
2024,1157731522217177088,9,waiver,complete,1730387213809,2024-10-31,7,KingTowsk,drop,3678,Wil Lutz,K,
2024,1157400118853939200,9,waiver,complete,1730308201090,2024-10-30,6,JSanDusky69,add,8142,Alec Pierce,WR,0
2024,1157400118853939200,9,waiver,complete,1730308201090,2024-10-30,6,JSanDusky69,drop,7571,Rashod Bateman,WR,
2024,1157387004053852160,9,waiver,complete,1730305074278,2024-10-30,10,cc5597,add,PIT,Pittsburgh Steelers,DEF,0
2024,1157387004053852160,9,waiver,complete,1730305074278,2024-10-30,10,cc5597,drop,SF,San Francisco 49ers,DEF,
2024,1157386375931559936,9,waiver,complete,1730304924522,2024-10-30,2,Erjohnson14,add,WAS,Washington Commanders,DEF,0
2024,1157386375931559936,9,waiver,complete,1730304924522,2024-10-30,2,Erjohnson14,drop,DEN,Denver Broncos,DEF,
2024,1157349264151011328,9,waiver,complete,1730296076384,2024-10-30,10,cc5597,add,NO,New Orleans Saints,DEF,0
2024,1157349264151011328,9,waiver,complete,1730296076384,2024-10-30,10,cc5597,drop,2749,Raheem Mostert,RB,
2024,1157336534027239424,9,waiver,failed,1730293041286,2024-10-30,10,cc5597,add,19,Joe Flacco,QB,3
2024,1157336534027239424,9,waiver,failed,1730293041286,2024-10-30,10,cc5597,drop,5870,Daniel Jones,QB,
2024,1157336430558138368,9,waiver,complete,1730293016617,2024-10-30,10,cc5597,add,2028,Derek Carr,QB,1
2024,1157336430558138368,9,waiver,complete,1730293016617,2024-10-30,10,cc5597,drop,5870,Daniel Jones,QB,
2024,1157335862191968256,9,free_agent,complete,1730292881108,2024-10-30,10,cc5597,drop,4040,JuJu Smith-Schuster,WR,
2024,1162273989520130048,10,waiver,complete,1731470222409,2024-11-12,2,Erjohnson14,add,HOU,Houston Texans,DEF,17
2024,1162273989520130048,10,waiver,complete,1731470222409,2024-11-12,2,Erjohnson14,drop,WAS,Washington Commanders,DEF,
2024,1162273650301755392,10,waiver,complete,1731470141533,2024-11-12,2,Erjohnson14,add,4993,Mike Gesicki,TE,0
2024,1162273650301755392,10,waiver,complete,1731470141533,2024-11-12,2,Erjohnson14,drop,8110,Jake Ferguson,TE,
2024,1162225621964017664,10,free_agent,complete,1731458690685,2024-11-12,8,TylerWicks,drop,4574,Cooper Rush,QB,
2024,1162178272621355008,10,free_agent,complete,1731447401722,2024-11-12,10,cc5597,drop,11792,Will Reichard,K,
2024,1162178198809993216,10,free_agent,complete,1731447384124,2024-11-12,10,cc5597,drop,7527,Mac Jones,QB,
2024,1162110219560816640,10,waiver,complete,1731431176608,2024-11-12,3,MaxSirianni,add,GB,Green Bay Packers,DEF,5
2024,1162110219560816640,10,waiver,complete,1731431176608,2024-11-12,3,MaxSirianni,drop,KC,Kansas City Chiefs,DEF,
2024,1162096939438194688,10,waiver,complete,1731428010380,2024-11-12,5,kaufmannc,add,5119,Jason Sanders,K,3
2024,1162096939438194688,10,waiver,complete,1731428010380,2024-11-12,5,kaufmannc,drop,4666,Younghoe Koo,K,
2024,1162047155193044992,10,waiver,complete,1731416140891,2024-11-12,3,MaxSirianni,add,5086,Marquez Valdes-Scantling,WR,11
2024,1162047155193044992,10,waiver,complete,1731416140891,2024-11-12,3,MaxSirianni,drop,8408,Jordan Mason,RB,
2024,1161918864348463104,10,waiver,failed,1731385553970,2024-11-11,6,JSanDusky69,add,HOU,Houston Texans,DEF,6
2024,1161918864348463104,10,waiver,failed,1731385553970,2024-11-11,6,JSanDusky69,drop,3286,Demarcus Robinson,WR,
2024,1161798467690373120,10,waiver,complete,1731356849170,2024-11-11,1,bgreenblatt,add,11579,Audric Estime,RB,0
2024,1161798467690373120,10,waiver,complete,1731356849170,2024-11-11,1,bgreenblatt,drop,NYG,New York Giants,DEF,
2024,1161560387553333248,10,free_agent,complete,1731300086442,2024-11-10,6,JSanDusky69,add,3286,Demarcus Robinson,WR,
2024,1161560387553333248,10,free_agent,complete,1731300086442,2024-11-10,6,JSanDusky69,drop,9756,Jordan Addison,WR,
2024,1161534045197701120,10,free_agent,complete,1731293805935,2024-11-10,1,bgreenblatt,add,MIA,Miami Dolphins,DEF,
2024,1161534045197701120,10,free_agent,complete,1731293805935,2024-11-10,1,bgreenblatt,drop,2749,Raheem Mostert,RB,
2024,1161440443322863616,10,free_agent,complete,1731271489509,2024-11-10,1,bgreenblatt,add,5022,Dallas Goedert,TE,
2024,1161440443322863616,10,free_agent,complete,1731271489509,2024-11-10,1,bgreenblatt,drop,11620,Rome Odunze,WR,
2024,1161398952063930368,10,free_agent,complete,1731261597222,2024-11-10,10,cc5597,add,7527,Mac Jones,QB,
2024,1161398952063930368,10,free_agent,complete,1731261597222,2024-11-10,10,cc5597,drop,2028,Derek Carr,QB,
2024,1161092651848945664,10,free_agent,complete,1731188569560,2024-11-09,2,Erjohnson14,drop,DEN,Denver Broncos,DEF,
2024,1160652414035685376,10,waiver,complete,1731083608686,2024-11-08,5,kaufmannc,add,4981,Calvin Ridley,WR,0
2024,1160652206761218048,10,waiver,complete,1731083559268,2024-11-08,1,bgreenblatt,add,2749,Raheem Mostert,RB,0
2024,1160652206761218048,10,waiver,complete,1731083559268,2024-11-08,1,bgreenblatt,drop,6650,Chase McLaughlin,K,
2024,1160359814195687424,10,free_agent,complete,1731013847448,2024-11-07,2,Erjohnson14,add,DEN,Denver Broncos,DEF,
2024,1160315694240604160,10,free_agent,complete,1731003328431,2024-11-07,7,KingTowsk,add,4195,Jake Elliott,K,
2024,1160315694240604160,10,free_agent,complete,1731003328431,2024-11-07,7,KingTowsk,drop,6219,Austin Seibert,K,
2024,1159936020172201984,10,waiver,complete,1730912807079,2024-11-06,5,kaufmannc,add,7608,Khalil Herbert,RB,4
2024,1159936020172201984,10,waiver,complete,1730912807079,2024-11-06,5,kaufmannc,drop,6130,Devin Singletary,RB,
2024,1159919842644877312,10,waiver,complete,1730908950056,2024-11-06,8,TylerWicks,add,4574,Cooper Rush,QB,7
2024,1159919842644877312,10,waiver,complete,1730908950056,2024-11-06,8,TylerWicks,drop,6845,Zack Moss,RB,
2024,1159896629554610176,10,waiver,complete,1730903415624,2024-11-06,10,cc5597,add,8259,Cameron Dicker,K,0
2024,1159896248514621440,10,free_agent,complete,1730903324777,2024-11-06,10,cc5597,drop,NO,New Orleans Saints,DEF,
2024,1164845827538472960,11,waiver,complete,1732083396375,2024-11-20,3,MaxSirianni,add,1339,Zach Ertz,TE,5
2024,1164845827538472960,11,waiver,complete,1732083396375,2024-11-20,3,MaxSirianni,drop,8110,Jake Ferguson,TE,
2024,1164845703206752256,11,waiver,complete,1732083366732,2024-11-20,3,MaxSirianni,add,6650,Chase McLaughlin,K,0
2024,1164845703206752256,11,waiver,complete,1732083366732,2024-11-20,3,MaxSirianni,drop,7839,Evan McPherson,K,
2024,1164813142317244416,11,waiver,complete,1732075603611,2024-11-19,6,JSanDusky69,add,KC,Kansas City Chiefs,DEF,9
2024,1164813142317244416,11,waiver,complete,1732075603611,2024-11-19,6,JSanDusky69,drop,11638,Ricky Pearsall,WR,
2024,1164812153375887360,11,waiver,complete,1732075367829,2024-11-19,2,Erjohnson14,add,9999,Will Levis,QB,6
2024,1164812153375887360,11,waiver,complete,1732075367829,2024-11-19,2,Erjohnson14,drop,5906,Dawson Knox,TE,
2024,1164777342112223232,11,free_agent,complete,1732067068177,2024-11-19,9,brockhusk,drop,7600,Pat Freiermuth,TE,
2024,1164774350415929344,11,waiver,failed,1732066354901,2024-11-19,2,Erjohnson14,add,7596,Elijah Moore,WR,2
2024,1164774350415929344,11,waiver,failed,1732066354901,2024-11-19,2,Erjohnson14,drop,5906,Dawson Knox,TE,
2024,1164773980096675840,11,waiver,failed,1732066266610,2024-11-19,2,Erjohnson14,add,8126,Wan'Dale Robinson,WR,0
2024,1164773980096675840,11,waiver,failed,1732066266610,2024-11-19,2,Erjohnson14,drop,5906,Dawson Knox,TE,
2024,1164706538624372736,11,trade,complete,1732050187310,2024-11-19,9,brockhusk,add,1426,DeAndre Hopkins,WR,
2024,1164706538624372736,11,trade,complete,1732050187310,2024-11-19,7,KingTowsk,drop,1426,DeAndre Hopkins,WR,
2024,1164624119602819072,11,waiver,failed,1732030537084,2024-11-19,7,KingTowsk,add,CLE,Cleveland Browns,DEF,0
2024,1164624119602819072,11,waiver,failed,1732030537084,2024-11-19,7,KingTowsk,drop,LAR,Los Angeles Rams,DEF,
2024,1164623996428656640,11,waiver,failed,1732030507717,2024-11-19,7,KingTowsk,add,DEN,Denver Broncos,DEF,0
2024,1164623996428656640,11,waiver,failed,1732030507717,2024-11-19,7,KingTowsk,drop,LAR,Los Angeles Rams,DEF,
2024,1164623914014953472,11,waiver,failed,1732030488068,2024-11-19,7,KingTowsk,add,WAS,Washington Commanders,DEF,0
2024,1164623914014953472,11,waiver,failed,1732030488068,2024-11-19,7,KingTowsk,drop,LAR,Los Angeles Rams,DEF,
2024,1164623855059767296,11,waiver,complete,1732030474012,2024-11-19,7,KingTowsk,add,TB,Tampa Bay Buccaneers,DEF,0
2024,1164623855059767296,11,waiver,complete,1732030474012,2024-11-19,7,KingTowsk,drop,LAR,Los Angeles Rams,DEF,
2024,1164623814702215168,11,waiver,failed,1732030464390,2024-11-19,7,KingTowsk,add,KC,Kansas City Chiefs,DEF,0
2024,1164623814702215168,11,waiver,failed,1732030464390,2024-11-19,7,KingTowsk,drop,LAR,Los Angeles Rams,DEF,
2024,1164607434128818176,11,waiver,failed,1732026558957,2024-11-19,2,Erjohnson14,add,9754,Quentin Johnston,WR,3
2024,1164607434128818176,11,waiver,failed,1732026558957,2024-11-19,2,Erjohnson14,drop,5906,Dawson Knox,TE,
2024,1164427876063064064,11,waiver,failed,1731983748978,2024-11-18,6,JSanDusky69,add,ARI,Arizona Cardinals,DEF,0
2024,1164427876063064064,11,waiver,failed,1731983748978,2024-11-18,6,JSanDusky69,drop,11638,Ricky Pearsall,WR,
2024,1164326467627499520,11,free_agent,complete,1731959571323,2024-11-18,8,TylerWicks,drop,3294,Dak Prescott,QB,
2024,1164237970430484480,11,waiver,complete,1731938471947,2024-11-18,1,bgreenblatt,add,11292,Tommy DeVito,QB,0
2024,1164237970430484480,11,waiver,complete,1731938471947,2024-11-18,1,bgreenblatt,drop,5870,Daniel Jones,QB,
2024,1163922288258052096,11,free_agent,complete,1731863207452,2024-11-17,8,TylerWicks,add,IND,Indianapolis Colts,DEF,
2024,1163905639324749824,11,waiver,failed,1731859238037,2024-11-17,3,MaxSirianni,add,4144,Jonnu Smith,TE,0
2024,1163905639324749824,11,waiver,failed,1731859238037,2024-11-17,3,MaxSirianni,drop,11586,Blake Corum,RB,
2024,1163893532445425664,11,waiver,complete,1731856351532,2024-11-17,5,kaufmannc,add,4144,Jonnu Smith,TE,4
2024,1163893532445425664,11,waiver,complete,1731856351532,2024-11-17,5,kaufmannc,drop,6826,Cole Kmet,TE,
2024,1163857557585289216,11,waiver,complete,1731847774457,2024-11-17,3,MaxSirianni,add,8110,Jake Ferguson,TE,5
2024,1163857557585289216,11,waiver,complete,1731847774457,2024-11-17,3,MaxSirianni,drop,11586,Blake Corum,RB,
2024,1163550561053237248,11,waiver,complete,1731774580780,2024-11-16,2,Erjohnson14,add,5906,Dawson Knox,TE,1
2024,1163550561053237248,11,waiver,complete,1731774580780,2024-11-16,2,Erjohnson14,drop,4993,Mike Gesicki,TE,
2024,1163166288198422528,11,waiver,complete,1731682962992,2024-11-15,4,jdrobny,add,5987,Alexander Mattison,RB,0
2024,1163166288198422528,11,waiver,complete,1731682962992,2024-11-15,4,jdrobny,drop,4950,Christian Kirk,WR,
2024,1162912526242570240,11,waiver,complete,1731622461427,2024-11-14,6,JSanDusky69,add,11533,Brandon Aubrey,K,0
2024,1162912526242570240,11,waiver,complete,1731622461427,2024-11-14,6,JSanDusky69,drop,4227,Harrison Butker,K,
2024,1162881622920777728,11,free_agent,complete,1731615093501,2024-11-14,1,bgreenblatt,add,5870,Daniel Jones,QB,
2024,1162803126429167616,11,waiver,complete,1731596378479,2024-11-14,2,Erjohnson14,add,11539,Jake Bates,K,1
2024,1162803126429167616,11,waiver,complete,1731596378479,2024-11-14,2,Erjohnson14,drop,11533,Brandon Aubrey,K,
2024,1162568133035544576,11,free_agent,complete,1731540351688,2024-11-13,1,bgreenblatt,drop,19,Joe Flacco,QB,
2024,1162475387960602624,11,waiver,complete,1731518239539,2024-11-13,10,cc5597,add,SF,San Francisco 49ers,DEF,0
2024,1162469343964430336,11,waiver,complete,1731516798538,2024-11-13,6,JSanDusky69,add,11638,Ricky Pearsall,WR,0
2024,1162469343964430336,11,waiver,complete,1731516798538,2024-11-13,6,JSanDusky69,drop,3286,Demarcus Robinson,WR,
2024,1162469025679556608,11,waiver,complete,1731516722653,2024-11-13,10,cc5597,add,8228,Jaylen Warren,RB,2
2024,1162469025679556608,11,waiver,complete,1731516722653,2024-11-13,10,cc5597,drop,5987,Alexander Mattison,RB,
2024,1162468654374780928,11,waiver,complete,1731516634127,2024-11-13,10,cc5597,add,6819,Michael Pittman,WR,6
2024,1162467254660100096,11,waiver,failed,1731516300409,2024-11-13,8,TylerWicks,add,5119,Jason Sanders,K,0
2024,1162467254660100096,11,waiver,failed,1731516300409,2024-11-13,8,TylerWicks,drop,6083,Matt Gay,K,
2024,1162467042843549696,11,waiver,failed,1731516249908,2024-11-13,8,TylerWicks,add,HOU,Houston Texans,DEF,5
2024,1162465653912145920,11,waiver,failed,1731515918761,2024-11-13,7,KingTowsk,add,11579,Audric Estime,RB,0
2024,1162465653912145920,11,waiver,failed,1731515918761,2024-11-13,7,KingTowsk,drop,9511,Keaton Mitchell,RB,
2024,1162465503848439808,11,waiver,complete,1731515882983,2024-11-13,7,KingTowsk,add,9229,Anthony Richardson,QB,40
2024,1162465503848439808,11,waiver,complete,1731515882983,2024-11-13,7,KingTowsk,drop,9511,Keaton Mitchell,RB,
2024,1162464777348886528,11,waiver,failed,1731515709772,2024-11-13,1,bgreenblatt,add,9229,Anthony Richardson,QB,20
2024,1162464777348886528,11,waiver,failed,1731515709772,2024-11-13,1,bgreenblatt,drop,19,Joe Flacco,QB,
2024,1162459456391835648,11,waiver,failed,1731514441157,2024-11-13,5,kaufmannc,add,HOU,Houston Texans,DEF,4
2024,1162459456391835648,11,waiver,failed,1731514441157,2024-11-13,5,kaufmannc,drop,PHI,Philadelphia Eagles,DEF,
2024,1162458468503343104,11,waiver,failed,1731514205626,2024-11-13,7,KingTowsk,add,11579,Audric Estime,RB,20
2024,1162458468503343104,11,waiver,failed,1731514205626,2024-11-13,7,KingTowsk,drop,9511,Keaton Mitchell,RB,
2024,1162450649276100608,11,waiver,complete,1731512341377,2024-11-13,1,bgreenblatt,add,2028,Derek Carr,QB,0
2024,1162450649276100608,11,waiver,complete,1731512341377,2024-11-13,1,bgreenblatt,drop,7523,Trevor Lawrence,QB,
2024,1162444599970013184,11,waiver,failed,1731510899110,2024-11-13,7,KingTowsk,add,DEN,Denver Broncos,DEF,0
2024,1162444599970013184,11,waiver,failed,1731510899110,2024-11-13,7,KingTowsk,drop,LAC,Los Angeles Chargers,DEF,
2024,1162444520940797952,11,waiver,failed,1731510880268,2024-11-13,7,KingTowsk,add,SF,San Francisco 49ers,DEF,0
2024,1162444520940797952,11,waiver,failed,1731510880268,2024-11-13,7,KingTowsk,drop,LAC,Los Angeles Chargers,DEF,
2024,1162444445271449600,11,waiver,failed,1731510862227,2024-11-13,7,KingTowsk,add,HOU,Houston Texans,DEF,0
2024,1162444445271449600,11,waiver,failed,1731510862227,2024-11-13,7,KingTowsk,drop,LAC,Los Angeles Chargers,DEF,
2024,1162444401306677248,11,waiver,complete,1731510851745,2024-11-13,7,KingTowsk,add,LAR,Los Angeles Rams,DEF,0
2024,1162444401306677248,11,waiver,complete,1731510851745,2024-11-13,7,KingTowsk,drop,LAC,Los Angeles Chargers,DEF,
2024,1162443814506860544,11,waiver,failed,1731510711841,2024-11-13,7,KingTowsk,add,GB,Green Bay Packers,DEF,0
2024,1162443814506860544,11,waiver,failed,1731510711841,2024-11-13,7,KingTowsk,drop,LAC,Los Angeles Chargers,DEF,
2024,1162435400762384384,11,waiver,failed,1731508705848,2024-11-13,10,cc5597,add,HOU,Houston Texans,DEF,2
2024,1167251490092740608,12,waiver,complete,1732656951023,2024-11-26,1,bgreenblatt,add,GB,Green Bay Packers,DEF,0
2024,1167245013328183296,12,free_agent,complete,1732655406842,2024-11-26,1,bgreenblatt,drop,11292,Tommy DeVito,QB,
2024,1167243682509271040,12,trade,complete,1732655089550,2024-11-26,3,MaxSirianni,add,2133,Davante Adams,WR,
2024,1167243682509271040,12,trade,complete,1732655089550,2024-11-26,1,bgreenblatt,add,6768,Tua Tagovailoa,QB,
2024,1167243682509271040,12,trade,complete,1732655089550,2024-11-26,1,bgreenblatt,drop,2133,Davante Adams,WR,
2024,1167243682509271040,12,trade,complete,1732655089550,2024-11-26,3,MaxSirianni,drop,6768,Tua Tagovailoa,QB,
2024,1167138266576105472,12,waiver,failed,1732629956433,2024-11-26,5,kaufmannc,add,5248,Gus Edwards,RB,7
2024,1167138266576105472,12,waiver,failed,1732629956433,2024-11-26,5,kaufmannc,drop,9225,Tank Bigsby,RB,
2024,1167111248018784256,12,free_agent,complete,1732623514707,2024-11-26,10,cc5597,drop,6011,Gardner Minshew,QB,
2024,1166955794149294080,12,waiver,failed,1732586451616,2024-11-25,1,bgreenblatt,add,DAL,Dallas Cowboys,DEF,0
2024,1166955794149294080,12,waiver,failed,1732586451616,2024-11-25,1,bgreenblatt,drop,MIA,Miami Dolphins,DEF,
2024,1166878283598893056,12,waiver,complete,1732567971661,2024-11-25,1,bgreenblatt,add,IND,Indianapolis Colts,DEF,11
2024,1166878283598893056,12,waiver,complete,1732567971661,2024-11-25,1,bgreenblatt,drop,MIA,Miami Dolphins,DEF,
2024,1166819830008373248,12,waiver,complete,1732554035239,2024-11-25,2,Erjohnson14,add,7523,Trevor Lawrence,QB,6
2024,1166819830008373248,12,waiver,complete,1732554035239,2024-11-25,2,Erjohnson14,drop,3357,Brandon Allen,QB,
2024,1166570875794231296,12,free_agent,complete,1732494679929,2024-11-24,1,bgreenblatt,add,8132,Tyler Allgeier,RB,
2024,1166570875794231296,12,free_agent,complete,1732494679929,2024-11-24,1,bgreenblatt,drop,5022,Dallas Goedert,TE,
2024,1166441530828222464,12,waiver,complete,1732463841686,2024-11-24,10,cc5597,add,6011,Gardner Minshew,QB,0
2024,1166441530828222464,12,waiver,complete,1732463841686,2024-11-24,10,cc5597,drop,6819,Michael Pittman,WR,
2024,1166439816956039168,12,waiver,failed,1732463433067,2024-11-24,10,cc5597,add,9999,Will Levis,QB,0
2024,1166439816956039168,12,waiver,failed,1732463433067,2024-11-24,10,cc5597,drop,6819,Michael Pittman,WR,
2024,1165819603818389504,12,waiver,complete,1732315562732,2024-11-22,2,Erjohnson14,add,3357,Brandon Allen,QB,1
2024,1165819603818389504,12,waiver,complete,1732315562732,2024-11-22,2,Erjohnson14,drop,9999,Will Levis,QB,
2024,1165786768487100416,12,waiver,complete,1732307734179,2024-11-22,1,bgreenblatt,add,2359,Ameer Abdullah,RB,0
2024,1165786768487100416,12,waiver,complete,1732307734179,2024-11-22,1,bgreenblatt,drop,5995,Justice Hill,RB,
2024,1165781160098656256,12,waiver,complete,1732306397035,2024-11-22,7,KingTowsk,add,6219,Austin Seibert,K,0
2024,1165781160098656256,12,waiver,complete,1732306397035,2024-11-22,7,KingTowsk,drop,4195,Jake Elliott,K,
2024,1165437751995527168,12,free_agent,complete,1732224522163,2024-11-21,1,bgreenblatt,add,5995,Justice Hill,RB,
2024,1165437751995527168,12,free_agent,complete,1732224522163,2024-11-21,1,bgreenblatt,drop,9753,Zach Charbonnet,RB,
2024,1165376279214936064,12,free_agent,complete,1732209865910,2024-11-21,1,bgreenblatt,add,9753,Zach Charbonnet,RB,
2024,1165376279214936064,12,free_agent,complete,1732209865910,2024-11-21,1,bgreenblatt,drop,11579,Audric Estime,RB,
2024,1165153656346521600,12,waiver,complete,1732156788482,2024-11-20,10,cc5597,add,5010,Will Dissly,TE,0
2024,1165153656346521600,12,waiver,complete,1732156788482,2024-11-20,10,cc5597,drop,SF,San Francisco 49ers,DEF,
2024,1165034140312444928,12,waiver,complete,1732128293639,2024-11-20,3,MaxSirianni,add,WAS,Washington Commanders,DEF,3
2024,1165034140312444928,12,waiver,complete,1732128293639,2024-11-20,3,MaxSirianni,drop,GB,Green Bay Packers,DEF,
2024,1165034089553096704,12,waiver,failed,1732128281537,2024-11-20,3,MaxSirianni,add,WAS,Washington Commanders,DEF,0
2024,1165034089553096704,12,waiver,failed,1732128281537,2024-11-20,3,MaxSirianni,drop,GB,Green Bay Packers,DEF,
2024,1164978916327591936,12,waiver,complete,1732115127215,2024-11-20,8,TylerWicks,add,DEN,Denver Broncos,DEF,17
2024,1164978916327591936,12,waiver,complete,1732115127215,2024-11-20,8,TylerWicks,drop,IND,Indianapolis Colts,DEF,
2024,1164977565677871104,12,waiver,complete,1732114805195,2024-11-20,8,TylerWicks,add,3678,Wil Lutz,K,0
2024,1164977565677871104,12,waiver,complete,1732114805195,2024-11-20,8,TylerWicks,drop,6083,Matt Gay,K,
2024,1164951042824536064,12,waiver,complete,1732108481654,2024-11-20,4,jdrobny,add,1689,Adam Thielen,WR,3
2024,1169833943454277632,13,waiver,complete,1733272655884,2024-12-03,1,bgreenblatt,add,2749,Raheem Mostert,RB,0
2024,1169833943454277632,13,waiver,complete,1733272655884,2024-12-03,1,bgreenblatt,drop,IND,Indianapolis Colts,DEF,
2024,1169761060958773248,13,waiver,complete,1733255279343,2024-12-03,3,MaxSirianni,add,5010,Will Dissly,TE,5
2024,1169761060958773248,13,waiver,complete,1733255279343,2024-12-03,3,MaxSirianni,drop,1339,Zach Ertz,TE,
2024,1169760958416343040,13,waiver,complete,1733255254895,2024-12-03,3,MaxSirianni,add,TEN,Tennessee Titans,DEF,0
2024,1169760958416343040,13,waiver,complete,1733255254895,2024-12-03,3,MaxSirianni,drop,WAS,Washington Commanders,DEF,
2024,1169750094003011584,13,waiver,complete,1733252664618,2024-12-03,3,MaxSirianni,add,11651,Isaac Guerendo,RB,37
2024,1169750094003011584,13,waiver,complete,1733252664618,2024-12-03,3,MaxSirianni,drop,4034,Christian McCaffrey,RB,
2024,1169730045426954240,13,waiver,failed,1733247884664,2024-12-03,5,kaufmannc,add,11651,Isaac Guerendo,RB,7
2024,1169730045426954240,13,waiver,failed,1733247884664,2024-12-03,5,kaufmannc,drop,DAL,Dallas Cowboys,DEF,
2024,1169714280527585280,13,waiver,failed,1733244126019,2024-12-03,7,KingTowsk,add,8143,Jerome Ford,RB,0
2024,1169714080597577728,13,waiver,complete,1733244078352,2024-12-03,7,KingTowsk,add,5987,Alexander Mattison,RB,0
2024,1169711963178438656,13,waiver,complete,1733243573520,2024-12-03,7,KingTowsk,add,9508,Tyjae Spears,RB,0
2024,1169711963178438656,13,waiver,complete,1733243573520,2024-12-03,7,KingTowsk,drop,5248,Gus Edwards,RB,
2024,1169710429564858368,13,waiver,failed,1733243207878,2024-12-03,7,KingTowsk,add,6963,Patrick Taylor,RB,0
2024,1169710269761720320,13,waiver,failed,1733243169778,2024-12-03,7,KingTowsk,add,7496,Nick Westbrook-Ikhine,WR,0
2024,1169708733430161408,13,waiver,failed,1733242803488,2024-12-03,7,KingTowsk,add,11651,Isaac Guerendo,RB,0
2024,1169693324941328384,13,waiver,failed,1733239129818,2024-12-03,2,Erjohnson14,add,11651,Isaac Guerendo,RB,10
2024,1169693324941328384,13,waiver,failed,1733239129818,2024-12-03,2,Erjohnson14,drop,4098,Kareem Hunt,RB,
2024,1169525838350643200,13,free_agent,complete,1733199197903,2024-12-02,10,cc5597,drop,5010,Will Dissly,TE,
2024,1169508310639742976,13,trade,complete,1733195018971,2024-12-02,10,cc5597,add,11565,J.J. McCarthy,QB,
2024,1169508310639742976,13,trade,complete,1733195018971,2024-12-02,10,cc5597,add,5967,Tony Pollard,RB,
2024,1169508310639742976,13,trade,complete,1733195018971,2024-12-02,1,bgreenblatt,add,9226,De'Von Achane,RB,
2024,1169508310639742976,13,trade,complete,1733195018971,2024-12-02,1,bgreenblatt,drop,11565,J.J. McCarthy,QB,
2024,1169508310639742976,13,trade,complete,1733195018971,2024-12-02,1,bgreenblatt,drop,5967,Tony Pollard,RB,
2024,1169508310639742976,13,trade,complete,1733195018971,2024-12-02,10,cc5597,drop,9226,De'Von Achane,RB,
2024,1169354135918002176,13,waiver,complete,1733158260853,2024-12-02,6,JSanDusky69,add,BAL,Baltimore Ravens,DEF,5
2024,1169354135918002176,13,waiver,complete,1733158260853,2024-12-02,6,JSanDusky69,drop,KC,Kansas City Chiefs,DEF,
2024,1169351651375820800,13,free_agent,complete,1733157668492,2024-12-02,6,JSanDusky69,drop,4663,Austin Ekeler,RB,
2024,1169350192165097472,13,trade,complete,1733157320589,2024-12-02,7,KingTowsk,add,4943,Sam Darnold,QB,
2024,1169350192165097472,13,trade,complete,1733157320589,2024-12-02,4,jdrobny,add,6806,J.K. Dobbins,RB,
2024,1169350192165097472,13,trade,complete,1733157320589,2024-12-02,4,jdrobny,add,9229,Anthony Richardson,QB,
2024,1169350192165097472,13,trade,complete,1733157320589,2024-12-02,4,jdrobny,add,9502,Tank Dell,WR,
2024,1169350192165097472,13,trade,complete,1733157320589,2024-12-02,4,jdrobny,drop,4943,Sam Darnold,QB,
2024,1169350192165097472,13,trade,complete,1733157320589,2024-12-02,7,KingTowsk,drop,6806,J.K. Dobbins,RB,
2024,1169350192165097472,13,trade,complete,1733157320589,2024-12-02,7,KingTowsk,drop,9229,Anthony Richardson,QB,
2024,1169350192165097472,13,trade,complete,1733157320589,2024-12-02,7,KingTowsk,drop,9502,Tank Dell,WR,
2024,1169349824970338304,13,free_agent,complete,1733157233043,2024-12-02,4,jdrobny,drop,11618,Jalen McMillan,WR,
2024,1169349795559878656,13,free_agent,complete,1733157226031,2024-12-02,4,jdrobny,drop,5987,Alexander Mattison,RB,
2024,1169348300995190784,13,waiver,complete,1733156869699,2024-12-02,2,Erjohnson14,add,ARI,Arizona Cardinals,DEF,6
2024,1169348300995190784,13,waiver,complete,1733156869699,2024-12-02,2,Erjohnson14,drop,HOU,Houston Texans,DEF,
2024,1169039002746490880,13,free_agent,complete,1733083127250,2024-12-01,1,bgreenblatt,add,NO,New Orleans Saints,DEF,
2024,1169039002746490880,13,free_agent,complete,1733083127250,2024-12-01,1,bgreenblatt,drop,6819,Michael Pittman,WR,
2024,1168428861076541440,13,waiver,complete,1732937658140,2024-11-29,7,KingTowsk,add,8670,Parker Romo,K,0
2024,1168328973655547904,13,waiver,complete,1732913843123,2024-11-29,6,JSanDusky69,add,11620,Rome Odunze,WR,5
2024,1167997575681806336,13,free_agent,complete,1732834831689,2024-11-28,4,jdrobny,add,SEA,Seattle Seahawks,DEF,
2024,1167997575681806336,13,free_agent,complete,1732834831689,2024-11-28,4,jdrobny,drop,NYG,New York Giants,DEF,
2024,1167898278160289792,13,waiver,failed,1732811157315,2024-11-28,4,jdrobny,add,NYG,New York Giants,DEF,0
2024,1167682810656878592,13,waiver,complete,1732759785859,2024-11-27,4,jdrobny,add,NYG,New York Giants,DEF,0
2024,1167682663784763392,13,free_agent,complete,1732759750842,2024-11-27,4,jdrobny,drop,CHI,Chicago Bears,DEF,
2024,1167644848116072448,13,waiver,complete,1732750734884,2024-11-27,1,bgreenblatt,add,6819,Michael Pittman,WR,0
2024,1167644848116072448,13,waiver,complete,1732750734884,2024-11-27,1,bgreenblatt,drop,GB,Green Bay Packers,DEF,
2024,1167529366554009600,13,waiver,complete,1732723201934,2024-11-27,10,cc5597,add,9756,Jordan Addison,WR,7
2024,1167528083260571648,13,waiver,complete,1732722895973,2024-11-27,1,bgreenblatt,add,11576,Braelon Allen,RB,0
2024,1167528083260571648,13,waiver,complete,1732722895973,2024-11-27,1,bgreenblatt,drop,2359,Ameer Abdullah,RB,
2024,1167525435505233920,13,free_agent,complete,1732722264699,2024-11-27,9,brockhusk,drop,2374,Tyler Lockett,WR,
2024,1167525100900573184,13,waiver,failed,1732722184923,2024-11-27,9,brockhusk,add,IND,Indianapolis Colts,DEF,3
2024,1167525100900573184,13,waiver,failed,1732722184923,2024-11-27,9,brockhusk,drop,NYJ,New York Jets,DEF,
2024,1167520853567926272,13,waiver,failed,1732721172280,2024-11-27,4,jdrobny,add,DAL,Dallas Cowboys,DEF,0
2024,1167520853567926272,13,waiver,failed,1732721172280,2024-11-27,4,jdrobny,drop,CHI,Chicago Bears,DEF,
2024,1167520822500892672,13,waiver,failed,1732721164873,2024-11-27,4,jdrobny,add,IND,Indianapolis Colts,DEF,0
2024,1167520822500892672,13,waiver,failed,1732721164873,2024-11-27,4,jdrobny,drop,CHI,Chicago Bears,DEF,
2024,1167518914360872960,13,waiver,failed,1732720709937,2024-11-27,7,KingTowsk,add,DAL,Dallas Cowboys,DEF,2
2024,1167518914360872960,13,waiver,failed,1732720709937,2024-11-27,7,KingTowsk,drop,6219,Austin Seibert,K,
2024,1167518842143412224,13,waiver,complete,1732720692719,2024-11-27,7,KingTowsk,add,5248,Gus Edwards,RB,6
2024,1167518842143412224,13,waiver,complete,1732720692719,2024-11-27,7,KingTowsk,drop,6219,Austin Seibert,K,
2024,1167493336920576000,13,waiver,complete,1732714611800,2024-11-27,5,kaufmannc,add,DAL,Dallas Cowboys,DEF,8
2024,1167493336920576000,13,waiver,complete,1732714611800,2024-11-27,5,kaufmannc,drop,9225,Tank Bigsby,RB,
2024,1167492965749608448,13,free_agent,complete,1732714523306,2024-11-27,5,kaufmannc,drop,7608,Khalil Herbert,RB,
2024,1172390967740080128,14,waiver,complete,1733882297981,2024-12-10,1,bgreenblatt,add,GB,Green Bay Packers,DEF,9
2024,1172259817726164992,14,waiver,failed,1733851029381,2024-12-10,2,Erjohnson14,add,3214,Hunter Henry,TE,0
2024,1172259817726164992,14,waiver,failed,1733851029381,2024-12-10,2,Erjohnson14,drop,8110,Jake Ferguson,TE,
2024,1172259639925559296,14,waiver,complete,1733850986990,2024-12-10,2,Erjohnson14,add,1339,Zach Ertz,TE,0
2024,1172259639925559296,14,waiver,complete,1733850986990,2024-12-10,2,Erjohnson14,drop,8110,Jake Ferguson,TE,
2024,1172254528750641152,14,waiver,complete,1733849768391,2024-12-10,8,TylerWicks,add,3678,Wil Lutz,K,0
2024,1172254528750641152,14,waiver,complete,1733849768391,2024-12-10,8,TylerWicks,drop,4195,Jake Elliott,K,
2024,1172245967635103744,14,waiver,failed,1733847727262,2024-12-10,7,KingTowsk,add,11586,Blake Corum,RB,0
2024,1172245910114549760,14,waiver,complete,1733847713548,2024-12-10,7,KingTowsk,add,11589,Trey Benson,RB,0
2024,1172245292624760832,14,free_agent,complete,1733847566327,2024-12-10,7,KingTowsk,drop,9508,Tyjae Spears,RB,
2024,1172243855387889664,14,waiver,failed,1733847223663,2024-12-10,7,KingTowsk,add,JAX,Jacksonville Jaguars,DEF,0
2024,1172243855387889664,14,waiver,failed,1733847223663,2024-12-10,7,KingTowsk,drop,TB,Tampa Bay Buccaneers,DEF,
2024,1172243804762619904,14,waiver,failed,1733847211593,2024-12-10,7,KingTowsk,add,IND,Indianapolis Colts,DEF,0
2024,1172243804762619904,14,waiver,failed,1733847211593,2024-12-10,7,KingTowsk,drop,TB,Tampa Bay Buccaneers,DEF,
2024,1172243737586675712,14,waiver,complete,1733847195577,2024-12-10,7,KingTowsk,add,KC,Kansas City Chiefs,DEF,0
2024,1172243737586675712,14,waiver,complete,1733847195577,2024-12-10,7,KingTowsk,drop,TB,Tampa Bay Buccaneers,DEF,
2024,1172243655923994624,14,waiver,failed,1733847176107,2024-12-10,7,KingTowsk,add,GB,Green Bay Packers,DEF,0
2024,1172243655923994624,14,waiver,failed,1733847176107,2024-12-10,7,KingTowsk,drop,TB,Tampa Bay Buccaneers,DEF,
2024,1172039708164980736,14,waiver,complete,1733798551172,2024-12-09,6,JSanDusky69,add,ATL,Atlanta Falcons,DEF,13
2024,1172039708164980736,14,waiver,complete,1733798551172,2024-12-09,6,JSanDusky69,drop,8121,Romeo Doubs,WR,
2024,1171937901127520256,14,free_agent,complete,1733774278483,2024-12-09,7,KingTowsk,drop,11583,Jonathon Brooks,RB,
2024,1171636371824578560,14,free_agent,complete,1733702388295,2024-12-08,7,KingTowsk,add,9754,Quentin Johnston,WR,
2024,1171594391480438784,14,free_agent,complete,1733692379401,2024-12-08,1,bgreenblatt,drop,2028,Derek Carr,QB,
2024,1171536710430363648,14,free_agent,complete,1733678627167,2024-12-08,7,KingTowsk,add,8220,Sincere McCormick,RB,
2024,1171536710430363648,14,free_agent,complete,1733678627167,2024-12-08,7,KingTowsk,drop,2359,Ameer Abdullah,RB,
2024,1171505364899098624,14,waiver,failed,1733671153810,2024-12-08,4,jdrobny,add,2359,Ameer Abdullah,RB,0
2024,1171505232900116480,14,free_agent,complete,1733671122339,2024-12-08,4,jdrobny,drop,4381,Taysom Hill,TE,
2024,1171502587863031808,14,waiver,complete,1733670491713,2024-12-08,1,bgreenblatt,add,7596,Elijah Moore,WR,0
2024,1171502587863031808,14,waiver,complete,1733670491713,2024-12-08,1,bgreenblatt,drop,2749,Raheem Mostert,RB,
2024,1171360506520014848,14,waiver,complete,1733636616881,2024-12-07,7,KingTowsk,add,11792,Will Reichard,K,0
2024,1171360506520014848,14,waiver,complete,1733636616881,2024-12-07,7,KingTowsk,drop,8670,Parker Romo,K,
2024,1171360203783557120,14,waiver,complete,1733636544703,2024-12-07,7,KingTowsk,add,2359,Ameer Abdullah,RB,0
2024,1171360203783557120,14,waiver,complete,1733636544703,2024-12-07,7,KingTowsk,drop,5987,Alexander Mattison,RB,
2024,1171339911161692160,14,waiver,complete,1733631706565,2024-12-07,4,jdrobny,add,7042,Tyler Bass,K,0
2024,1171339911161692160,14,waiver,complete,1733631706565,2024-12-07,4,jdrobny,drop,1264,Justin Tucker,K,
2024,1171159972106092544,14,waiver,complete,1733588805751,2024-12-07,5,kaufmannc,add,9753,Zach Charbonnet,RB,2
2024,1170891405904986112,14,waiver,failed,1733524774579,2024-12-06,7,KingTowsk,add,9753,Zach Charbonnet,RB,0
2024,1170891405904986112,14,waiver,failed,1733524774579,2024-12-06,7,KingTowsk,drop,8670,Parker Romo,K,
2024,1170810294793482240,14,waiver,complete,1733505436183,2024-12-06,2,Erjohnson14,add,8110,Jake Ferguson,TE,0
2024,1170810294793482240,14,waiver,complete,1733505436183,2024-12-06,2,Erjohnson14,drop,4098,Kareem Hunt,RB,
2024,1170566111235149824,14,free_agent,complete,1733447218286,2024-12-05,9,brockhusk,add,7600,Pat Freiermuth,TE,
2024,1170566111235149824,14,free_agent,complete,1733447218286,2024-12-05,9,brockhusk,drop,7588,Javonte Williams,RB,
2024,1170565766090063872,14,free_agent,complete,1733447135997,2024-12-05,9,brockhusk,add,SF,San Francisco 49ers,DEF,
2024,1170565766090063872,14,free_agent,complete,1733447135997,2024-12-05,9,brockhusk,drop,5937,Diontae Johnson,WR,
2024,1170565642261626881,14,free_agent,complete,1733447106474,2024-12-05,9,brockhusk,add,8258,Cade York,K,
2024,1170565642261626881,14,free_agent,complete,1733447106474,2024-12-05,9,brockhusk,drop,NYJ,New York Jets,DEF,
2024,1170440395919048704,14,free_agent,complete,1733417245419,2024-12-05,5,kaufmannc,drop,DAL,Dallas Cowboys,DEF,
2024,1170429349032628224,14,waiver,complete,1733414611636,2024-12-05,8,TylerWicks,add,4195,Jake Elliott,K,0
2024,1170429349032628224,14,waiver,complete,1733414611636,2024-12-05,8,TylerWicks,drop,3678,Wil Lutz,K,
2024,1170027339737288704,14,waiver,complete,1733318765151,2024-12-04,2,Erjohnson14,add,9999,Will Levis,QB,2
2024,1170027339737288704,14,waiver,complete,1733318765151,2024-12-04,2,Erjohnson14,drop,7523,Trevor Lawrence,QB,
2024,1174979425996627968,15,waiver,failed,1734499434520,2024-12-17,9,brockhusk,add,JAX,Jacksonville Jaguars,DEF,0
2024,1174979425996627968,15,waiver,failed,1734499434520,2024-12-17,9,brockhusk,drop,SF,San Francisco 49ers,DEF,
2024,1174979398533042176,15,waiver,complete,1734499427972,2024-12-17,9,brockhusk,add,CIN,Cincinnati Bengals,DEF,0
2024,1174979398533042176,15,waiver,complete,1734499427972,2024-12-17,9,brockhusk,drop,SF,San Francisco 49ers,DEF,
2024,1174936603444543488,15,waiver,complete,1734489224828,2024-12-17,5,kaufmannc,add,11559,Michael Penix,QB,5
2024,1174932804492365824,15,waiver,failed,1734488319087,2024-12-17,1,bgreenblatt,add,11559,Michael Penix,QB,0
2024,1174932804492365824,15,waiver,failed,1734488319087,2024-12-17,1,bgreenblatt,drop,LAC,Los Angeles Chargers,DEF,
2024,1174932765380165632,15,waiver,failed,1734488309762,2024-12-17,2,Erjohnson14,add,11559,Michael Penix,QB,2
2024,1174800832531947520,15,waiver,complete,1734456854520,2024-12-17,6,JSanDusky69,add,344,Julian Edelman,WR,0
2024,1174800832531947520,15,waiver,complete,1734456854520,2024-12-17,6,JSanDusky69,drop,BAL,Baltimore Ravens,DEF,
2024,1174800183758458880,15,waiver,complete,1734456699840,2024-12-17,6,JSanDusky69,add,515,Rob Gronkowski,TE,0
2024,1174798497250357248,15,free_agent,complete,1734456297746,2024-12-17,5,kaufmannc,drop,2306,Jameis Winston,QB,
2024,1174798011654811648,15,free_agent,complete,1734456181971,2024-12-17,7,KingTowsk,drop,6938,Cam Akers,RB,
2024,1174795890743959552,15,waiver,complete,1734455676306,2024-12-17,7,KingTowsk,add,IND,Indianapolis Colts,DEF,0
2024,1174795890743959552,15,waiver,complete,1734455676306,2024-12-17,7,KingTowsk,drop,KC,Kansas City Chiefs,DEF,
2024,1174795750335217664,15,waiver,failed,1734455642830,2024-12-17,7,KingTowsk,add,CIN,Cincinnati Bengals,DEF,0
2024,1174795750335217664,15,waiver,failed,1734455642830,2024-12-17,7,KingTowsk,drop,KC,Kansas City Chiefs,DEF,
2024,1174599444679143424,15,waiver,complete,1734408839914,2024-12-16,1,bgreenblatt,add,7543,Travis Etienne,RB,0
2024,1174599444679143424,15,waiver,complete,1734408839914,2024-12-16,1,bgreenblatt,drop,8132,Tyler Allgeier,RB,
2024,1174512887428100096,15,free_agent,complete,1734388203058,2024-12-16,7,KingTowsk,add,6938,Cam Akers,RB,
2024,1174512887428100096,15,free_agent,complete,1734388203058,2024-12-16,7,KingTowsk,drop,11589,Trey Benson,RB,
2024,1174446097914277888,15,waiver,complete,1734372279197,2024-12-16,1,bgreenblatt,add,8143,Jerome Ford,RB,0
2024,1174446097914277888,15,waiver,complete,1734372279197,2024-12-16,1,bgreenblatt,drop,11576,Braelon Allen,RB,
2024,1174117746347888640,15,waiver,complete,1734293994083,2024-12-15,1,bgreenblatt,add,9757,Kendre Miller,RB,0
2024,1174117746347888640,15,waiver,complete,1734293994083,2024-12-15,1,bgreenblatt,drop,7596,Elijah Moore,WR,
2024,1174104890822459392,15,free_agent,complete,1734290929087,2024-12-15,2,Erjohnson14,drop,9999,Will Levis,QB,
2024,1174082734760419328,15,waiver,complete,1734285646670,2024-12-15,3,MaxSirianni,add,NYJ,New York Jets,DEF,0
2024,1174082734760419328,15,waiver,complete,1734285646670,2024-12-15,3,MaxSirianni,drop,TEN,Tennessee Titans,DEF,
2024,1174065437077196800,15,waiver,complete,1734281522581,2024-12-15,7,KingTowsk,add,3214,Hunter Henry,TE,0
2024,1173732915025440768,15,waiver,complete,1734202243146,2024-12-14,1,bgreenblatt,add,LAC,Los Angeles Chargers,DEF,0
2024,1173732915025440768,15,waiver,complete,1734202243146,2024-12-14,1,bgreenblatt,drop,NO,New Orleans Saints,DEF,
2024,1172974121001664512,15,waiver,complete,1734021332553,2024-12-12,5,kaufmannc,add,9225,Tank Bigsby,RB,0
2024,1172974121001664512,15,waiver,complete,1734021332553,2024-12-12,5,kaufmannc,drop,7543,Travis Etienne,RB,
2024,1172973721213267968,15,waiver,failed,1734021237236,2024-12-12,5,kaufmannc,add,WAS,Washington Commanders,DEF,1
2024,1172973721213267968,15,waiver,failed,1734021237236,2024-12-12,5,kaufmannc,drop,PHI,Philadelphia Eagles,DEF,
2024,1172623081978978304,15,waiver,complete,1733937638328,2024-12-11,4,jdrobny,add,WAS,Washington Commanders,DEF,8
2024,1172623081978978304,15,waiver,complete,1733937638328,2024-12-11,4,jdrobny,drop,SEA,Seattle Seahawks,DEF,
2024,1177395525266505728,16,waiver,failed,1735075477475,2024-12-24,1,bgreenblatt,add,MIA,Miami Dolphins,DEF,0
2024,1177395525266505728,16,waiver,failed,1735075477475,2024-12-24,1,bgreenblatt,drop,7543,Travis Etienne,RB,
2024,1177312551925366784,16,waiver,complete,1735055695089,2024-12-24,7,KingTowsk,add,9508,Tyjae Spears,RB,0
2024,1177312551925366784,16,waiver,complete,1735055695089,2024-12-24,7,KingTowsk,drop,6083,Matt Gay,K,
2024,1177312521841541120,16,waiver,complete,1735055687916,2024-12-24,7,KingTowsk,add,5248,Gus Edwards,RB,0
2024,1177312521841541120,16,waiver,complete,1735055687916,2024-12-24,7,KingTowsk,drop,5937,Diontae Johnson,WR,
2024,1177304671135645696,16,waiver,complete,1735053816162,2024-12-24,7,KingTowsk,add,MIA,Miami Dolphins,DEF,0
2024,1177304671135645696,16,waiver,complete,1735053816162,2024-12-24,7,KingTowsk,drop,NO,New Orleans Saints,DEF,
2024,1177038450780872704,16,free_agent,complete,1734990344284,2024-12-23,7,KingTowsk,add,5937,Diontae Johnson,WR,
2024,1177038450780872704,16,free_agent,complete,1734990344284,2024-12-23,7,KingTowsk,drop,9480,Brenton Strange,TE,
2024,1176977071487131648,16,free_agent,complete,1734975710320,2024-12-23,7,KingTowsk,add,NO,New Orleans Saints,DEF,
2024,1176977071487131648,16,free_agent,complete,1734975710320,2024-12-23,7,KingTowsk,drop,7567,Kenny Gainwell,RB,
2024,1176618034572632064,16,free_agent,complete,1734890109249,2024-12-22,7,KingTowsk,add,9480,Brenton Strange,TE,
2024,1176618034572632064,16,free_agent,complete,1734890109249,2024-12-22,7,KingTowsk,drop,3214,Hunter Henry,TE,
2024,1176304596858269696,16,waiver,complete,1734815379874,2024-12-21,1,bgreenblatt,add,11618,Jalen McMillan,WR,0
2024,1176230037736017920,16,waiver,complete,1734797603594,2024-12-21,10,cc5597,add,KC,Kansas City Chiefs,DEF,0
2024,1175690415949824000,16,free_agent,complete,1734668947735,2024-12-19,7,KingTowsk,add,7567,Kenny Gainwell,RB,
2024,1175690415949824000,16,free_agent,complete,1734668947735,2024-12-19,7,KingTowsk,drop,9754,Quentin Johnston,WR,
2024,1175488767175499776,16,waiver,complete,1734620870920,2024-12-19,5,kaufmannc,add,1433,Brandon McManus,K,0
2024,1175488767175499776,16,waiver,complete,1734620870920,2024-12-19,5,kaufmannc,drop,5119,Jason Sanders,K,
2024,1175488622464086016,16,waiver,complete,1734620836418,2024-12-19,5,kaufmannc,add,JAX,Jacksonville Jaguars,DEF,0
2024,1175488622464086016,16,waiver,complete,1734620836418,2024-12-19,5,kaufmannc,drop,9225,Tank Bigsby,RB,
2024,1175157588075888640,16,waiver,failed,1734541911670,2024-12-18,7,KingTowsk,add,8132,Tyler Allgeier,RB,0
2024,1175157588075888640,16,waiver,failed,1734541911670,2024-12-18,7,KingTowsk,drop,8220,Sincere McCormick,RB,
2024,1175157529450057728,16,waiver,complete,1734541897692,2024-12-18,7,KingTowsk,add,5987,Alexander Mattison,RB,0
2024,1175157529450057728,16,waiver,complete,1734541897692,2024-12-18,7,KingTowsk,drop,8220,Sincere McCormick,RB,
2024,1175156890039037952,16,waiver,complete,1734541745245,2024-12-18,7,KingTowsk,add,6083,Matt Gay,K,0
2024,1175156890039037952,16,waiver,complete,1734541745245,2024-12-18,7,KingTowsk,drop,11792,Will Reichard,K,
2024,1175105348485496832,16,waiver,failed,1734529456781,2024-12-18,5,kaufmannc,add,CIN,Cincinnati Bengals,DEF,0
2024,1178804528421625856,17,waiver,complete,1735411410005,2024-12-28,1,bgreenblatt,add,19,Joe Flacco,QB,0
2024,1178804528421625856,17,waiver,complete,1735411410005,2024-12-28,1,bgreenblatt,drop,8160,Kenny Pickett,QB,
2024,1178783392834330624,17,free_agent,complete,1735406370889,2024-12-28,1,bgreenblatt,drop,4233,Zane Gonzalez,K,
2024,1178783372118663168,17,free_agent,complete,1735406365950,2024-12-28,1,bgreenblatt,drop,4195,Jake Elliott,K,
2024,1178763506508546048,17,waiver,complete,1735401629619,2024-12-28,7,KingTowsk,add,8255,Raheem Blackshear,RB,0
2024,1178763506508546048,17,waiver,complete,1735401629619,2024-12-28,7,KingTowsk,drop,11647,Kimani Vidal,RB,
2024,1178498306032418816,17,waiver,complete,1735338400898,2024-12-27,1,bgreenblatt,add,4195,Jake Elliott,K,0
2024,1178498148934979584,17,waiver,complete,1735338363443,2024-12-27,1,bgreenblatt,add,8160,Kenny Pickett,QB,0
2024,1178498148934979584,17,waiver,complete,1735338363443,2024-12-27,1,bgreenblatt,drop,167,Tom Brady,QB,
2024,1178451227334569984,17,waiver,complete,1735327176462,2024-12-27,7,KingTowsk,add,11792,Will Reichard,K,0
2024,1178451227334569984,17,waiver,complete,1735327176462,2024-12-27,7,KingTowsk,drop,4033,David Njoku,TE,
2024,1178124309324177408,17,free_agent,complete,1735249233135,2024-12-26,1,bgreenblatt,add,167,Tom Brady,QB,
2024,1178124309324177408,17,free_agent,complete,1735249233135,2024-12-26,1,bgreenblatt,drop,9228,Bryce Young,QB,
2024,1178116966632988672,17,free_agent,complete,1735247482501,2024-12-26,7,KingTowsk,add,11647,Kimani Vidal,RB,
2024,1178116966632988672,17,free_agent,complete,1735247482501,2024-12-26,7,KingTowsk,drop,5248,Gus Edwards,RB,
2024,1177788810507472896,17,waiver,complete,1735169243983,2024-12-25,1,bgreenblatt,add,4233,Zane Gonzalez,K,0
2024,1177788810507472896,17,waiver,complete,1735169243983,2024-12-25,1,bgreenblatt,drop,7543,Travis Etienne,RB,
2024,1177671856209715200,17,waiver,complete,1735141359906,2024-12-25,1,bgreenblatt,add,9228,Bryce Young,QB,0
2024,1177671856209715200,17,waiver,complete,1735141359906,2024-12-25,1,bgreenblatt,drop,9757,Kendre Miller,RB,
2024,1177671566188945408,17,free_agent,complete,1735141290760,2024-12-25,1,bgreenblatt,drop,GB,Green Bay Packers,DEF,
